"number"	"remark"	"time"	"ax"	"ay"	"az"	"gx"	"gy"	"gz"	"mx"	"my"	"mz"	"roll"	"yaw"	"pitch"
"1740471280000001"	"      "	"2025/02/25 14;49;37"	"-140.625"	"-398.438"	"15976.6"	"0"	"0"	"0"	"-2741"	"8735"	"-21075"	"-1.467"	"0.505"	"-18.243"
"1740471280000002"	"      "	"2025/02/25 14;49;37"	"-117.188"	"-398.438"	"16015.6"	"0"	"0"	"0"	"-2744"	"8727"	"-21038"	"-1.467"	"0.505"	"-18.243"
"1740471280000003"	"      "	"2025/02/25 14;49;37"	"-156.25"	"-406.25"	"16015.6"	"0"	"0"	"0"	"-2733"	"8738"	"-21113"	"-1.467"	"0.505"	"-18.243"
"1740471280000004"	"      "	"2025/02/25 14;49;37"	"-156.25"	"-414.062"	"15937.5"	"0"	"0"	"0"	"-2733"	"8713"	"-21095"	"-1.467"	"0.505"	"-18.243"
"1740471280000005"	"      "	"2025/02/25 14;49;37"	"-148.438"	"-445.312"	"16000"	"0"	"0"	"0"	"-2733"	"8709"	"-21121"	"-1.467"	"0.505"	"-18.243"
"1740471280000006"	"      "	"2025/02/25 14;49;37"	"-140.625"	"-398.438"	"16000"	"0"	"0"	"0"	"-2744"	"8714"	"-21127"	"-1.467"	"0.505"	"-18.243"
"1740471280000007"	"      "	"2025/02/25 14;49;37"	"-156.25"	"-429.688"	"15960.9"	"0"	"0"	"0"	"-2744"	"8708"	"-21085"	"-1.467"	"0.505"	"-18.243"
"1740471280000008"	"      "	"2025/02/25 14;49;37"	"-148.438"	"-429.688"	"15992.2"	"0"	"0"	"0"	"-2742"	"8700"	"-21036"	"-1.467"	"0.505"	"-18.243"
"1740471280000009"	"      "	"2025/02/25 14;49;37"	"-148.438"	"-429.688"	"16031.2"	"0"	"0"	"0"	"-2746"	"8721"	"-21032"	"-1.467"	"0.505"	"-18.243"
"1740471280000010"	"      "	"2025/02/25 14;49;37"	"-156.25"	"-429.688"	"15984.4"	"0"	"0"	"0"	"-2740"	"8723"	"-21062"	"-1.467"	"0.505"	"-18.243"
"1740471280000011"	"  9.42"	"2025/02/25 14;49;38"	"-195.312"	"-414.062"	"15976.6"	"0"	"0"	"0"	"-2750"	"8707"	"-21018"	"-1.467"	"0.505"	"-18.243"
"1740471280000012"	"  9.42"	"2025/02/25 14;49;38"	"-132.812"	"-382.812"	"16023.4"	"0"	"0"	"0"	"-2740"	"8705"	"-21001"	"-1.467"	"0.505"	"-18.243"
"1740471280000013"	"  9.42"	"2025/02/25 14;49;38"	"-132.812"	"-414.062"	"16007.8"	"0"	"0"	"0"	"-2738"	"8706"	"-21077"	"-1.467"	"0.505"	"-18.243"
"1740471280000014"	"  9.42"	"2025/02/25 14;49;38"	"-148.438"	"-390.625"	"16007.8"	"0"	"0"	"0"	"-2741"	"8715"	"-21097"	"-1.467"	"0.505"	"-18.243"
"1740471280000015"	"  9.42"	"2025/02/25 14;49;38"	"-132.812"	"-390.625"	"15992.2"	"0"	"0"	"0"	"-2744"	"8716"	"-21103"	"-1.467"	"0.505"	"-18.243"
"1740471280000016"	"  9.42"	"2025/02/25 14;49;38"	"-132.812"	"-421.875"	"15984.4"	"0"	"0"	"0"	"-2727"	"8710"	"-21128"	"-1.467"	"0.505"	"-18.243"
"1740471280000017"	"  9.42"	"2025/02/25 14;49;38"	"-117.188"	"-429.688"	"16031.2"	"0"	"0"	"0"	"-2729"	"8713"	"-21071"	"-1.467"	"0.505"	"-18.243"
"1740471280000018"	"  9.42"	"2025/02/25 14;49;38"	"-101.562"	"-367.188"	"16007.8"	"0"	"0"	"0"	"-2730"	"8716"	"-21086"	"-1.467"	"0.505"	"-18.243"
"1740471280000019"	"  9.42"	"2025/02/25 14;49;38"	"-148.438"	"-406.25"	"15976.6"	"0"	"0"	"0"	"-2745"	"8716"	"-21072"	"-1.467"	"0.505"	"-18.243"
"1740471280000020"	"  9.42"	"2025/02/25 14;49;38"	"-164.062"	"-375"	"15992.2"	"0"	"0"	"0"	"-2745"	"8720"	"-21113"	"-1.467"	"0.505"	"-18.243"
"1740471280000021"	"  9.42"	"2025/02/25 14;49;39"	"-156.25"	"-375"	"16023.4"	"0"	"0"	"0"	"-2734"	"8712"	"-21042"	"-1.467"	"0.505"	"-18.243"
"1740471280000022"	" 10.08"	"2025/02/25 14;49;39"	"-156.25"	"-414.062"	"15960.9"	"0"	"0"	"0"	"-2740"	"8722"	"-21008"	"-1.461"	"0.505"	"-18.243"
"1740471280000023"	" 10.08"	"2025/02/25 14;49;39"	"-179.688"	"-390.625"	"16023.4"	"0"	"0"	"0"	"-2742"	"8723"	"-21074"	"-1.461"	"0.505"	"-18.243"
"1740471280000024"	" 10.08"	"2025/02/25 14;49;39"	"-164.062"	"-406.25"	"15992.2"	"0"	"0"	"0"	"-2735"	"8728"	"-21049"	"-1.461"	"0.505"	"-18.243"
"1740471280000025"	" 10.08"	"2025/02/25 14;49;39"	"-148.438"	"-367.188"	"16007.8"	"0"	"0"	"0"	"-2729"	"8724"	"-21075"	"-1.461"	"0.505"	"-18.243"
"1740471280000026"	" 10.08"	"2025/02/25 14;49;39"	"-125"	"-445.312"	"15984.4"	"0"	"0"	"0"	"-2738"	"8717"	"-21088"	"-1.461"	"0.505"	"-18.243"
"1740471280000027"	" 10.08"	"2025/02/25 14;49;39"	"-109.375"	"-421.875"	"15992.2"	"0"	"0"	"0"	"-2744"	"8731"	"-21012"	"-1.461"	"0.505"	"-18.243"
"1740471280000028"	" 10.08"	"2025/02/25 14;49;39"	"-195.312"	"-421.875"	"16000"	"0"	"0"	"0"	"-2743"	"8731"	"-21075"	"-1.461"	"0.5"	"-18.243"
"1740471280000029"	" 10.08"	"2025/02/25 14;49;39"	"-125"	"-406.25"	"16000"	"0"	"0"	"0"	"-2736"	"8732"	"-21025"	"-1.461"	"0.505"	"-18.243"
"1740471280000030"	" 10.08"	"2025/02/25 14;49;39"	"-179.688"	"-398.438"	"16000"	"0"	"0"	"0"	"-2734"	"8720"	"-21090"	"-1.461"	"0.5"	"-18.243"
"1740471280000031"	" 10.08"	"2025/02/25 14;49;40"	"-164.062"	"-406.25"	"15976.6"	"0"	"0"	"0"	"-2732"	"8722"	"-21091"	"-1.461"	"0.5"	"-18.243"
"1740471280000032"	" 10.08"	"2025/02/25 14;49;40"	"-132.812"	"-437.5"	"15968.8"	"0"	"0"	"0"	"-2738"	"8720"	"-21044"	"-1.461"	"0.5"	"-18.243"
"1740471280000033"	" 10.07"	"2025/02/25 14;49;40"	"-117.188"	"-445.312"	"16000"	"0"	"0"	"0"	"-2741"	"8721"	"-21050"	"-1.461"	"0.5"	"-18.243"
"1740471280000034"	" 10.07"	"2025/02/25 14;49;40"	"-125"	"-398.438"	"15984.4"	"0"	"0"	"0"	"-2742"	"8723"	"-21048"	"-1.461"	"0.5"	"-18.243"
"1740471280000035"	" 10.07"	"2025/02/25 14;49;40"	"-125"	"-375"	"15992.2"	"0"	"0"	"0"	"-2758"	"8720"	"-21100"	"-1.467"	"0.5"	"-18.243"
"1740471280000036"	" 10.07"	"2025/02/25 14;49;40"	"-132.812"	"-406.25"	"16000"	"0"	"0"	"0"	"-2740"	"8713"	"-20974"	"-1.461"	"0.5"	"-18.243"
"1740471280000037"	" 10.07"	"2025/02/25 14;49;40"	"-148.438"	"-398.438"	"16054.7"	"0"	"0"	"0"	"-2729"	"8727"	"-20997"	"-1.461"	"0.5"	"-18.243"
"1740471280000038"	" 10.07"	"2025/02/25 14;49;40"	"-85.9375"	"-445.312"	"16015.6"	"0"	"0"	"0"	"-2737"	"8730"	"-20910"	"-1.461"	"0.5"	"-18.243"
"1740471280000039"	" 10.07"	"2025/02/25 14;49;40"	"-156.25"	"-414.062"	"15960.9"	"0"	"0"	"0"	"-2732"	"8720"	"-20962"	"-1.461"	"0.5"	"-18.243"
"1740471280000040"	" 10.07"	"2025/02/25 14;49;40"	"-117.188"	"-390.625"	"16085.9"	"-0.122"	"-0.183"	"0"	"-2737"	"8719"	"-20915"	"-1.461"	"0.467"	"-18.243"
"1740471280000041"	" 10.07"	"2025/02/25 14;49;41"	"-125"	"-414.062"	"15960.9"	"0"	"0"	"0"	"-2735"	"8706"	"-20969"	"-1.456"	"0.494"	"-18.243"
"1740471280000042"	" 10.07"	"2025/02/25 14;49;41"	"-156.25"	"-421.875"	"15976.6"	"-0.061"	"0.183"	"0"	"-2732"	"8713"	"-21001"	"-1.456"	"0.494"	"-18.243"
"1740471280000043"	" 10.07"	"2025/02/25 14;49;41"	"-320.312"	"-468.75"	"15617.2"	"0.488"	"1.221"	"0"	"-2742"	"8730"	"-21025"	"-1.45"	"0.533"	"-18.243"
"1740471280000044"	" 10.08"	"2025/02/25 14;49;41"	"335.938"	"-242.188"	"17343.8"	"-0.793"	"6.836"	"0.427"	"-2744"	"8724"	"-21123"	"-1.412"	"0.648"	"-18.243"
"1740471280000045"	" 10.08"	"2025/02/25 14;49;41"	"-3031.25"	"-3242.19"	"5484.38"	"18.188"	"79.773"	"0.854"	"-2531"	"8741"	"-21224"	"-1.165"	"4.043"	"-17.084"
"1740471280000046"	" 10.08"	"2025/02/25 14;49;41"	"-2093.75"	"109.375"	"16937.5"	"-1.648"	"58.716"	"9.399"	"-2020"	"8778"	"-21547"	"-0.884"	"8.031"	"-16.76"
"1740471280000047"	" 10.08"	"2025/02/25 14;49;41"	"-4179.69"	"-289.062"	"16179.7"	"-0.244"	"92.896"	"1.831"	"-1240"	"8839"	"-21924"	"-0.901"	"15.936"	"-17.084"
"1740471280000048"	" 10.08"	"2025/02/25 14;49;41"	"-6320.31"	"-328.125"	"15656.2"	"-4.639"	"69.031"	"-2.319"	"-180"	"8886"	"-22172"	"-1.176"	"24.159"	"-17.336"
"1740471280000049"	" 10.08"	"2025/02/25 14;49;41"	"-10296.9"	"242.188"	"13859.4"	"4.944"	"83.679"	"-5.615"	"749"	"8961"	"-22180"	"-1.384"	"31.41"	"-17.699"
"1740471280000050"	" 10.08"	"2025/02/25 14;49;41"	"-10765.6"	"-250"	"10281.2"	"1.892"	"79.59"	"0.488"	"1753"	"8982"	"-21969"	"-1.324"	"40.77"	"-18.633"
"1740471280000051"	" 10.08"	"2025/02/25 14;49;42"	"-12054.7"	"-492.188"	"9796.88"	"13.916"	"43.64"	"-10.498"	"2567"	"8968"	"-21645"	"-1.252"	"46.829"	"-19.232"
"1740471280000052"	" 10.08"	"2025/02/25 14;49;42"	"-12757.8"	"-203.125"	"8164.06"	"0.244"	"-22.278"	"-0.854"	"2903"	"8936"	"-21477"	"-1.214"	"47.747"	"-19.968"
"1740471280000053"	" 10.08"	"2025/02/25 14;49;42"	"-10710.9"	"-164.062"	"10039.1"	"0.427"	"-125.122"	"-3.906"	"2551"	"8937"	"-21714"	"-1.263"	"39.88"	"-20.072"
"1740471280000054"	" 10.08"	"2025/02/25 14;49;42"	"-5671.88"	"-23.4375"	"15265.6"	"8.606"	"-191.406"	"19.409"	"1184"	"8913"	"-22115"	"-1.049"	"23.708"	"-18.463"
"1740471280000055"	" 10.02"	"2025/02/25 14;49;42"	"-406.25"	"-523.438"	"16031.2"	"-1.282"	"-192.566"	"23.865"	"-741"	"8845"	"-21905"	"-0.857"	"6.63"	"-16.606"
"1740471280000056"	" 10.02"	"2025/02/25 14;49;42"	"-46.875"	"-375"	"16070.3"	"0.366"	"-0.061"	"-10.803"	"-2178"	"8829"	"-21122"	"-1.296"	"0.818"	"-16.754"
"1740471280000057"	" 10.02"	"2025/02/25 14;49;42"	"93.75"	"-351.562"	"16562.5"	"-2.869"	"4.15"	"0"	"-2487"	"8801"	"-20943"	"-1.401"	"1.088"	"-16.765"
"1740471280000058"	" 10.02"	"2025/02/25 14;49;42"	"-171.875"	"-437.5"	"15835.9"	"-0.793"	"1.953"	"0"	"-2516"	"8806"	"-20881"	"-1.428"	"1"	"-16.694"
"1740471280000059"	" 10.02"	"2025/02/25 14;49;42"	"-7.8125"	"-390.625"	"16179.7"	"0.732"	"-1.709"	"0"	"-2518"	"8800"	"-20882"	"-1.423"	"0.983"	"-16.628"
"1740471280000060"	" 10.02"	"2025/02/25 14;49;42"	"-132.812"	"-398.438"	"15937.5"	"0.061"	"-0.305"	"0"	"-2535"	"8821"	"-20923"	"-1.428"	"0.972"	"-16.562"
"1740471280000061"	" 10.02"	"2025/02/25 14;49;43"	"-132.812"	"-390.625"	"16015.6"	"0"	"-0.061"	"0.061"	"-2529"	"8800"	"-20947"	"-1.428"	"0.939"	"-16.507"
"1740471280000062"	" 10.02"	"2025/02/25 14;49;43"	"-132.812"	"-421.875"	"15976.6"	"0.061"	"-0.122"	"0"	"-2540"	"8813"	"-20924"	"-1.428"	"0.917"	"-16.452"
"1740471280000063"	" 10.02"	"2025/02/25 14;49;43"	"-93.75"	"-429.688"	"16007.8"	"-0.061"	"-0.183"	"0"	"-2524"	"8798"	"-20913"	"-1.428"	"0.89"	"-16.397"
"1740471280000064"	" 10.02"	"2025/02/25 14;49;43"	"-109.375"	"-382.812"	"16031.2"	"0.122"	"-0.183"	"0"	"-2519"	"8816"	"-20970"	"-1.428"	"0.862"	"-16.348"
"1740471280000065"	" 10.02"	"2025/02/25 14;49;43"	"-109.375"	"-359.375"	"16007.8"	"-0.183"	"0"	"0"	"-2525"	"8814"	"-20958"	"-1.434"	"0.846"	"-16.298"
"1740471280000066"	" 10.07"	"2025/02/25 14;49;43"	"-140.625"	"-414.062"	"16046.9"	"0.061"	"0"	"0"	"-2528"	"8798"	"-20960"	"-1.434"	"0.824"	"-16.254"
"1740471280000067"	" 10.07"	"2025/02/25 14;49;43"	"-148.438"	"-437.5"	"15992.2"	"0"	"0"	"0"	"-2522"	"8805"	"-20971"	"-1.434"	"0.802"	"-16.216"
"1740471280000068"	" 10.07"	"2025/02/25 14;49;43"	"-156.25"	"-398.438"	"16015.6"	"0"	"0.061"	"0"	"-2519"	"8807"	"-21023"	"-1.434"	"0.786"	"-16.172"
"1740471280000069"	" 10.07"	"2025/02/25 14;49;43"	"-164.062"	"-343.75"	"16000"	"0"	"0"	"0"	"-2518"	"8801"	"-21026"	"-1.434"	"0.769"	"-16.139"
"1740471280000070"	" 10.07"	"2025/02/25 14;49;43"	"-140.625"	"-382.812"	"15968.8"	"-0.061"	"0.244"	"0"	"-2527"	"8813"	"-20987"	"-1.434"	"0.753"	"-16.106"
"1740471280000071"	" 10.07"	"2025/02/25 14;49;44"	"-148.438"	"-445.312"	"15984.4"	"0.061"	"0"	"0"	"-2533"	"8814"	"-20915"	"-1.434"	"0.736"	"-16.073"
"1740471280000072"	" 10.07"	"2025/02/25 14;49;44"	"-117.188"	"-414.062"	"15945.3"	"0"	"0"	"0"	"-2522"	"8806"	"-20953"	"-1.434"	"0.72"	"-16.04"
"1740471280000073"	" 10.07"	"2025/02/25 14;49;44"	"-109.375"	"-437.5"	"15976.6"	"0.061"	"0"	"0"	"-2525"	"8798"	"-20963"	"-1.434"	"0.709"	"-16.013"
"1740471280000074"	" 10.07"	"2025/02/25 14;49;44"	"-132.812"	"-484.375"	"16039.1"	"0"	"0"	"0"	"-2529"	"8816"	"-20996"	"-1.434"	"0.692"	"-15.985"
"1740471280000075"	" 10.07"	"2025/02/25 14;49;44"	"-93.75"	"-437.5"	"15976.6"	"0.122"	"0"	"0"	"-2538"	"8800"	"-20998"	"-1.428"	"0.676"	"-15.958"
"1740471280000076"	" 10.07"	"2025/02/25 14;49;44"	"-117.188"	"-414.062"	"16007.8"	"0"	"0"	"0"	"-2524"	"8812"	"-20955"	"-1.428"	"0.665"	"-15.93"
"1740471280000077"	" 10.09"	"2025/02/25 14;49;44"	"-117.188"	"-382.812"	"15984.4"	"0"	"0.061"	"0"	"-2529"	"8814"	"-20987"	"-1.428"	"0.659"	"-15.908"
"1740471280000078"	" 10.09"	"2025/02/25 14;49;44"	"-164.062"	"-421.875"	"15992.2"	"0"	"0"	"0"	"-2528"	"8806"	"-20989"	"-1.434"	"0.648"	"-15.886"
"1740471280000079"	" 10.09"	"2025/02/25 14;49;44"	"-187.5"	"-421.875"	"16007.8"	"0"	"0.061"	"0"	"-2525"	"8814"	"-20888"	"-1.434"	"0.637"	"-15.87"
"1740471280000080"	" 10.09"	"2025/02/25 14;49;44"	"-125"	"-414.062"	"16015.6"	"0"	"-0.061"	"0"	"-2520"	"8822"	"-20945"	"-1.434"	"0.626"	"-15.848"
"1740471280000081"	" 10.09"	"2025/02/25 14;49;45"	"-85.9375"	"-398.438"	"15976.6"	"-0.061"	"0.122"	"0"	"-2525"	"8820"	"-20912"	"-1.434"	"0.615"	"-15.831"
"1740471280000082"	" 10.09"	"2025/02/25 14;49;45"	"-179.688"	"-406.25"	"16039.1"	"0.122"	"-0.183"	"0"	"-2532"	"8821"	"-20894"	"-1.434"	"0.604"	"-15.815"
"1740471280000083"	" 10.09"	"2025/02/25 14;49;45"	"-125"	"-382.812"	"16007.8"	"0"	"-0.061"	"0"	"-2533"	"8795"	"-20903"	"-1.434"	"0.593"	"-15.798"
"1740471280000084"	" 10.09"	"2025/02/25 14;49;45"	"-117.188"	"-390.625"	"15968.8"	"0"	"0"	"0"	"-2522"	"8795"	"-20903"	"-1.434"	"0.588"	"-15.782"
"1740471280000085"	" 10.09"	"2025/02/25 14;49;45"	"-93.75"	"-414.062"	"16015.6"	"0.122"	"-0.122"	"0"	"-2530"	"8807"	"-20936"	"-1.434"	"0.582"	"-15.765"
"1740471280000086"	" 10.09"	"2025/02/25 14;49;45"	"-140.625"	"-398.438"	"16007.8"	"0.061"	"0"	"0"	"-2524"	"8814"	"-20949"	"-1.428"	"0.577"	"-15.754"
"1740471280000087"	" 10.09"	"2025/02/25 14;49;45"	"-148.438"	"-437.5"	"15976.6"	"0.061"	"0"	"0"	"-2543"	"8811"	"-20985"	"-1.428"	"0.571"	"-15.743"
"1740471280000088"	" 10.07"	"2025/02/25 14;49;45"	"-156.25"	"-414.062"	"15992.2"	"0.122"	"-0.061"	"0"	"-2534"	"8821"	"-20978"	"-1.428"	"0.566"	"-15.727"
"1740471280000089"	" 10.07"	"2025/02/25 14;49;45"	"-179.688"	"-429.688"	"16015.6"	"0"	"0"	"0"	"-2520"	"8809"	"-20987"	"-1.423"	"0.555"	"-15.716"
"1740471280000090"	" 10.07"	"2025/02/25 14;49;45"	"-125"	"-351.562"	"16000"	"0"	"0"	"0"	"-2526"	"8803"	"-20942"	"-1.428"	"0.555"	"-15.71"
"1740471280000091"	" 10.07"	"2025/02/25 14;49;46"	"-109.375"	"-375"	"16023.4"	"0"	"0"	"0"	"-2527"	"8793"	"-20926"	"-1.428"	"0.549"	"-15.699"
"1740471280000092"	" 10.07"	"2025/02/25 14;49;46"	"-179.688"	"-398.438"	"16062.5"	"0"	"0"	"0"	"-2524"	"8798"	"-20890"	"-1.428"	"0.549"	"-15.688"
"1740471280000093"	" 10.07"	"2025/02/25 14;49;46"	"-140.625"	"-375"	"16000"	"0"	"0"	"0"	"-2534"	"8811"	"-20951"	"-1.428"	"0.549"	"-15.677"
"1740471280000094"	" 10.07"	"2025/02/25 14;49;46"	"-156.25"	"-421.875"	"16007.8"	"0"	"0"	"0"	"-2536"	"8810"	"-20941"	"-1.428"	"0.544"	"-15.672"
"1740471280000095"	" 10.07"	"2025/02/25 14;49;46"	"-156.25"	"-429.688"	"16015.6"	"0"	"0"	"0"	"-2531"	"8814"	"-20978"	"-1.434"	"0.544"	"-15.661"
"1740471280000096"	" 10.07"	"2025/02/25 14;49;46"	"-164.062"	"-414.062"	"15953.1"	"0"	"0"	"0"	"-2520"	"8796"	"-21001"	"-1.434"	"0.538"	"-15.656"
"1740471280000097"	" 10.07"	"2025/02/25 14;49;46"	"-179.688"	"-421.875"	"16007.8"	"0"	"0"	"0"	"-2524"	"8806"	"-20985"	"-1.434"	"0.538"	"-15.65"
"1740471280000098"	" 10.07"	"2025/02/25 14;49;46"	"-164.062"	"-421.875"	"16000"	"0"	"0"	"0"	"-2526"	"8805"	"-20937"	"-1.439"	"0.533"	"-15.645"
"1740471280000099"	" 10.09"	"2025/02/25 14;49;46"	"-140.625"	"-414.062"	"15984.4"	"0"	"0"	"0"	"-2525"	"8805"	"-20950"	"-1.439"	"0.533"	"-15.639"
"1740471280000100"	" 10.09"	"2025/02/25 14;49;46"	"-117.188"	"-406.25"	"16023.4"	"0"	"0"	"0"	"-2527"	"8808"	"-20961"	"-1.439"	"0.533"	"-15.628"
"1740471280000101"	" 10.09"	"2025/02/25 14;49;47"	"-140.625"	"-421.875"	"16015.6"	"0"	"0"	"0"	"-2530"	"8801"	"-20989"	"-1.439"	"0.527"	"-15.623"
"1740471280000102"	" 10.09"	"2025/02/25 14;49;47"	"-140.625"	"-398.438"	"15968.8"	"0"	"0"	"0"	"-2516"	"8813"	"-21012"	"-1.445"	"0.527"	"-15.623"
"1740471280000103"	" 10.09"	"2025/02/25 14;49;47"	"-125"	"-382.812"	"16000"	"0"	"0"	"0"	"-2529"	"8818"	"-21004"	"-1.445"	"0.527"	"-15.617"
"1740471280000104"	" 10.09"	"2025/02/25 14;49;47"	"-148.438"	"-421.875"	"15890.6"	"0"	"0"	"0"	"-2532"	"8823"	"-21005"	"-1.445"	"0.522"	"-15.612"
"1740471280000105"	" 10.09"	"2025/02/25 14;49;47"	"-117.188"	"-437.5"	"16039.1"	"0"	"0"	"0"	"-2524"	"8814"	"-20982"	"-1.45"	"0.522"	"-15.606"
"1740471280000106"	" 10.09"	"2025/02/25 14;49;47"	"-132.812"	"-406.25"	"15992.2"	"0"	"0"	"0"	"-2525"	"8812"	"-20988"	"-1.45"	"0.522"	"-15.601"
"1740471280000107"	" 10.09"	"2025/02/25 14;49;47"	"-187.5"	"-382.812"	"15796.9"	"0"	"0"	"0"	"-2532"	"8821"	"-20987"	"-1.45"	"0.516"	"-15.601"
"1740471280000108"	" 10.09"	"2025/02/25 14;49;47"	"-70.3125"	"-460.938"	"15906.2"	"-0.122"	"0.183"	"0"	"-2528"	"8808"	"-21043"	"-1.45"	"0.516"	"-15.595"
"1740471280000109"	" 10.09"	"2025/02/25 14;49;47"	"-125"	"-492.188"	"15898.4"	"-0.366"	"0.244"	"0"	"-2533"	"8815"	"-20989"	"-1.45"	"0.511"	"-15.59"
"1740471280000110"	" 10.09"	"2025/02/25 14;49;47"	"-179.688"	"-398.438"	"16289.1"	"-0.183"	"-0.061"	"0"	"-2522"	"8813"	"-21012"	"-1.45"	"0.505"	"-15.59"
"1740471280000111"	" 10.09"	"2025/02/25 14;49;48"	"-148.438"	"-414.062"	"16054.7"	"-0.122"	"0.061"	"0"	"-2535"	"8815"	"-21000"	"-1.45"	"0.505"	"-15.584"
"1740471280000112"	" 10.09"	"2025/02/25 14;49;48"	"-46.875"	"-367.188"	"16468.8"	"0"	"-0.122"	"0"	"-2534"	"8818"	"-20974"	"-1.445"	"0.5"	"-15.584"
"1740471280000113"	" 10.09"	"2025/02/25 14;49;48"	"-85.9375"	"-382.812"	"16039.1"	"0.061"	"-0.122"	"0"	"-2542"	"8797"	"-20973"	"-1.439"	"0.494"	"-15.579"
"1740471280000114"	" 10.09"	"2025/02/25 14;49;48"	"-132.812"	"-390.625"	"15984.4"	"0.244"	"-0.305"	"0"	"-2530"	"8802"	"-21022"	"-1.439"	"0.489"	"-15.579"
"1740471280000115"	" 10.09"	"2025/02/25 14;49;48"	"-85.9375"	"-476.562"	"16031.2"	"0"	"0"	"0"	"-2535"	"8813"	"-21034"	"-1.434"	"0.489"	"-15.573"
"1740471280000116"	" 10.09"	"2025/02/25 14;49;48"	"-125"	"-429.688"	"16031.2"	"0"	"0"	"0"	"-2527"	"8804"	"-21013"	"-1.434"	"0.489"	"-15.573"
"1740471280000117"	" 10.09"	"2025/02/25 14;49;48"	"-140.625"	"-429.688"	"16007.8"	"-0.122"	"0"	"0"	"-2535"	"8815"	"-20979"	"-1.434"	"0.489"	"-15.568"
"1740471280000118"	" 10.09"	"2025/02/25 14;49;48"	"-132.812"	"-390.625"	"15984.4"	"-0.061"	"-0.061"	"0"	"-2542"	"8805"	"-20986"	"-1.439"	"0.489"	"-15.568"
"1740471280000119"	" 10.09"	"2025/02/25 14;49;48"	"-132.812"	"-398.438"	"15976.6"	"0"	"-0.061"	"0"	"-2535"	"8805"	"-21017"	"-1.439"	"0.489"	"-15.568"
"1740471280000120"	" 10.07"	"2025/02/25 14;49;48"	"-148.438"	"-421.875"	"15984.4"	"0"	"0"	"0"	"-2542"	"8797"	"-20988"	"-1.434"	"0.483"	"-15.562"
"1740471280000121"	" 10.07"	"2025/02/25 14;49;49"	"-164.062"	"-437.5"	"15976.6"	"0"	"0"	"0"	"-2539"	"8798"	"-20955"	"-1.439"	"0.483"	"-15.562"
"1740471280000122"	" 10.07"	"2025/02/25 14;49;49"	"-164.062"	"-390.625"	"16007.8"	"0"	"0.061"	"0"	"-2548"	"8808"	"-21015"	"-1.434"	"0.483"	"-15.562"
"1740471280000123"	" 10.07"	"2025/02/25 14;49;49"	"-109.375"	"-351.562"	"16007.8"	"0"	"0"	"0"	"-2531"	"8814"	"-20996"	"-1.439"	"0.483"	"-15.557"
"1740471280000124"	" 10.07"	"2025/02/25 14;49;49"	"-164.062"	"-390.625"	"15992.2"	"0"	"0"	"0"	"-2536"	"8800"	"-21030"	"-1.439"	"0.483"	"-15.557"
"1740471280000125"	" 10.07"	"2025/02/25 14;49;49"	"-156.25"	"-429.688"	"16031.2"	"0"	"0"	"0"	"-2536"	"8802"	"-21027"	"-1.439"	"0.483"	"-15.557"
"1740471280000126"	" 10.07"	"2025/02/25 14;49;49"	"-109.375"	"-445.312"	"15945.3"	"0"	"0"	"0"	"-2537"	"8807"	"-21072"	"-1.445"	"0.489"	"-15.557"
"1740471280000127"	" 10.07"	"2025/02/25 14;49;49"	"-156.25"	"-445.312"	"16031.2"	"0"	"0"	"0"	"-2527"	"8804"	"-21064"	"-1.445"	"0.489"	"-15.557"
"1740471280000128"	" 10.07"	"2025/02/25 14;49;49"	"-164.062"	"-429.688"	"16015.6"	"0"	"0"	"0"	"-2537"	"8809"	"-21066"	"-1.445"	"0.489"	"-15.551"
"1740471280000129"	" 10.07"	"2025/02/25 14;49;49"	"-156.25"	"-398.438"	"16031.2"	"0"	"0"	"0"	"-2546"	"8794"	"-20960"	"-1.45"	"0.489"	"-15.551"
"1740471280000130"	" 10.07"	"2025/02/25 14;49;49"	"-117.188"	"-406.25"	"15976.6"	"0"	"0"	"0"	"-2525"	"8802"	"-20986"	"-1.45"	"0.489"	"-15.551"
"1740471280000131"	" 10.07"	"2025/02/25 14;49;50"	"-78.125"	"-375"	"16031.2"	"0"	"0"	"0"	"-2530"	"8800"	"-20935"	"-1.45"	"0.489"	"-15.551"
"1740471280000132"	" 10.07"	"2025/02/25 14;49;50"	"-109.375"	"-421.875"	"15984.4"	"0"	"0"	"0"	"-2531"	"8806"	"-20948"	"-1.45"	"0.489"	"-15.551"
"1740471280000133"	" 10.07"	"2025/02/25 14;49;50"	"-117.188"	"-406.25"	"16007.8"	"0"	"0"	"0"	"-2528"	"8802"	"-20998"	"-1.45"	"0.489"	"-15.551"
"1740471280000134"	" 10.07"	"2025/02/25 14;49;50"	"-109.375"	"-414.062"	"16000"	"0"	"0"	"0"	"-2533"	"8814"	"-20990"	"-1.45"	"0.489"	"-15.546"
"1740471280000135"	" 10.07"	"2025/02/25 14;49;50"	"-117.188"	"-429.688"	"16054.7"	"0"	"0"	"0"	"-2533"	"8811"	"-21008"	"-1.45"	"0.494"	"-15.546"
"1740471280000136"	" 10.07"	"2025/02/25 14;49;50"	"-140.625"	"-375"	"16031.2"	"0"	"0"	"0"	"-2537"	"8794"	"-20989"	"-1.45"	"0.494"	"-15.546"
"1740471280000137"	" 10.07"	"2025/02/25 14;49;50"	"-148.438"	"-398.438"	"15960.9"	"0"	"0"	"0"	"-2528"	"8787"	"-21000"	"-1.45"	"0.494"	"-15.546"
"1740471280000138"	" 10.07"	"2025/02/25 14;49;50"	"-148.438"	"-398.438"	"16000"	"0"	"0"	"0"	"-2531"	"8794"	"-20974"	"-1.456"	"0.494"	"-15.546"
"1740471280000139"	" 10.07"	"2025/02/25 14;49;50"	"-179.688"	"-429.688"	"16007.8"	"0"	"0"	"0"	"-2525"	"8795"	"-20973"	"-1.456"	"0.494"	"-15.546"
"1740471280000140"	" 10.07"	"2025/02/25 14;49;50"	"-203.125"	"-382.812"	"16054.7"	"0"	"0"	"0"	"-2526"	"8812"	"-20937"	"-1.456"	"0.494"	"-15.546"
"1740471280000141"	" 10.08"	"2025/02/25 14;49;50"	"-109.375"	"-359.375"	"15984.4"	"0"	"0"	"0"	"-2534"	"8815"	"-20935"	"-1.456"	"0.494"	"-15.546"
"1740471280000142"	" 10.08"	"2025/02/25 14;49;51"	"-125"	"-421.875"	"16000"	"0"	"0"	"0"	"-2535"	"8802"	"-20934"	"-1.456"	"0.494"	"-15.546"
"1740471280000143"	" 10.08"	"2025/02/25 14;49;51"	"-117.188"	"-414.062"	"16023.4"	"0"	"0"	"0"	"-2523"	"8804"	"-20993"	"-1.456"	"0.489"	"-15.54"
"1740471280000144"	" 10.08"	"2025/02/25 14;49;51"	"-164.062"	"-421.875"	"15976.6"	"0"	"0"	"0"	"-2534"	"8798"	"-21022"	"-1.456"	"0.489"	"-15.54"
"1740471280000145"	" 10.08"	"2025/02/25 14;49;51"	"-156.25"	"-421.875"	"15984.4"	"0"	"0"	"0"	"-2529"	"8803"	"-20978"	"-1.461"	"0.489"	"-15.54"
"1740471280000146"	" 10.08"	"2025/02/25 14;49;51"	"-93.75"	"-414.062"	"16039.1"	"0"	"0"	"0"	"-2542"	"8805"	"-20940"	"-1.461"	"0.489"	"-15.54"
"1740471280000147"	" 10.08"	"2025/02/25 14;49;51"	"-148.438"	"-375"	"15992.2"	"0"	"0"	"0"	"-2544"	"8820"	"-20927"	"-1.461"	"0.494"	"-15.54"
"1740471280000148"	" 10.08"	"2025/02/25 14;49;51"	"-85.9375"	"-421.875"	"15984.4"	"0"	"0"	"0"	"-2535"	"8810"	"-20914"	"-1.461"	"0.494"	"-15.54"
"1740471280000149"	" 10.08"	"2025/02/25 14;49;51"	"-125"	"-398.438"	"16015.6"	"0"	"0"	"0"	"-2531"	"8802"	"-20898"	"-1.461"	"0.489"	"-15.54"
"1740471280000150"	" 10.08"	"2025/02/25 14;49;51"	"-171.875"	"-453.125"	"15992.2"	"0"	"0"	"0"	"-2519"	"8806"	"-20896"	"-1.461"	"0.489"	"-15.54"
"1740471280000151"	" 10.08"	"2025/02/25 14;49;51"	"-164.062"	"-414.062"	"15984.4"	"0"	"0"	"0"	"-2527"	"8799"	"-20889"	"-1.461"	"0.494"	"-15.54"
"1740471280000152"	" 10.08"	"2025/02/25 14;49;52"	"-132.812"	"-382.812"	"16007.8"	"0"	"0"	"0"	"-2520"	"8803"	"-20926"	"-1.461"	"0.494"	"-15.54"
"1740471280000153"	" 10.08"	"2025/02/25 14;49;52"	"-132.812"	"-421.875"	"16015.6"	"0"	"0"	"0"	"-2523"	"8791"	"-20921"	"-1.461"	"0.489"	"-15.54"
"1740471280000154"	" 10.08"	"2025/02/25 14;49;52"	"-148.438"	"-414.062"	"16000"	"0"	"0"	"0"	"-2537"	"8804"	"-20883"	"-1.461"	"0.489"	"-15.54"
"1740471280000155"	" 10.08"	"2025/02/25 14;49;52"	"-164.062"	"-429.688"	"15976.6"	"0"	"0"	"0"	"-2532"	"8797"	"-20885"	"-1.461"	"0.489"	"-15.54"
"1740471280000156"	" 10.08"	"2025/02/25 14;49;52"	"-117.188"	"-375"	"16054.7"	"0"	"0"	"0"	"-2544"	"8805"	"-20836"	"-1.461"	"0.489"	"-15.54"
"1740471280000157"	" 10.08"	"2025/02/25 14;49;52"	"-156.25"	"-398.438"	"15976.6"	"0"	"0"	"0"	"-2542"	"8814"	"-20832"	"-1.461"	"0.489"	"-15.54"
"1740471280000158"	" 10.08"	"2025/02/25 14;49;52"	"-117.188"	"-375"	"16062.5"	"0"	"0"	"0"	"-2534"	"8808"	"-20871"	"-1.461"	"0.489"	"-15.54"
"1740471280000159"	" 10.08"	"2025/02/25 14;49;52"	"-140.625"	"-437.5"	"16000"	"0"	"0"	"0"	"-2535"	"8813"	"-20874"	"-1.461"	"0.489"	"-15.54"
"1740471280000160"	" 10.08"	"2025/02/25 14;49;52"	"-140.625"	"-421.875"	"16000"	"0"	"0"	"0"	"-2531"	"8811"	"-20911"	"-1.461"	"0.489"	"-15.54"
"1740471280000161"	" 10.08"	"2025/02/25 14;49;52"	"-117.188"	"-421.875"	"16023.4"	"0"	"0"	"0"	"-2536"	"8804"	"-20852"	"-1.461"	"0.489"	"-15.54"
"1740471280000162"	" 10.08"	"2025/02/25 14;49;53"	"-132.812"	"-437.5"	"15968.8"	"0"	"0"	"0"	"-2528"	"8803"	"-20848"	"-1.461"	"0.483"	"-15.54"
"1740471280000163"	" 10.08"	"2025/02/25 14;49;53"	"-125"	"-429.688"	"15976.6"	"0"	"0"	"0"	"-2535"	"8798"	"-20884"	"-1.461"	"0.483"	"-15.54"
"1740471280000164"	" 10.08"	"2025/02/25 14;49;53"	"-117.188"	"-421.875"	"15968.8"	"0"	"0"	"0"	"-2532"	"8796"	"-20924"	"-1.461"	"0.483"	"-15.54"
"1740471280000165"	" 10.08"	"2025/02/25 14;49;53"	"-148.438"	"-382.812"	"15984.4"	"0"	"0"	"0"	"-2531"	"8817"	"-20923"	"-1.461"	"0.483"	"-15.54"
"1740471280000166"	" 10.08"	"2025/02/25 14;49;53"	"-85.9375"	"-398.438"	"15960.9"	"0"	"0"	"0"	"-2528"	"8806"	"-20874"	"-1.461"	"0.483"	"-15.535"
"1740471285000001"	"      "	"2025/02/25 14;52;21"	"-179.688"	"-406.25"	"16007.8"	"0"	"0"	"0"	"-2530"	"8791"	"-20933"	"-1.472"	"0.483"	"-15.54"
"1740471285000002"	"      "	"2025/02/25 14;52;21"	"-85.9375"	"-398.438"	"16039.1"	"0"	"0"	"0"	"-2534"	"8792"	"-20929"	"-1.467"	"0.483"	"-15.54"
"1740471285000003"	"      "	"2025/02/25 14;52;21"	"-109.375"	"-367.188"	"16007.8"	"0"	"0"	"0"	"-2538"	"8808"	"-20987"	"-1.472"	"0.483"	"-15.54"
"1740471285000004"	"      "	"2025/02/25 14;52;21"	"-125"	"-421.875"	"16000"	"0"	"0"	"0"	"-2531"	"8792"	"-20993"	"-1.472"	"0.483"	"-15.54"
"1740471285000005"	"      "	"2025/02/25 14;52;21"	"-117.188"	"-429.688"	"16015.6"	"0"	"0"	"0"	"-2530"	"8812"	"-20945"	"-1.472"	"0.483"	"-15.54"
"1740471285000006"	"      "	"2025/02/25 14;52;22"	"-164.062"	"-406.25"	"15992.2"	"0"	"0"	"0"	"-2516"	"8788"	"-20901"	"-1.472"	"0.483"	"-15.54"
"1740471285000007"	"      "	"2025/02/25 14;52;22"	"-101.562"	"-359.375"	"15976.6"	"0"	"0"	"0"	"-2524"	"8793"	"-20954"	"-1.472"	"0.483"	"-15.54"
"1740471285000008"	"      "	"2025/02/25 14;52;22"	"-93.75"	"-390.625"	"15984.4"	"0"	"0"	"0"	"-2522"	"8785"	"-20951"	"-1.467"	"0.483"	"-15.54"
"1740471285000009"	"      "	"2025/02/25 14;52;22"	"-148.438"	"-406.25"	"15960.9"	"0"	"0"	"0"	"-2518"	"8810"	"-20986"	"-1.467"	"0.483"	"-15.54"
"1740471285000010"	"      "	"2025/02/25 14;52;22"	"-156.25"	"-406.25"	"15984.4"	"0"	"0"	"0"	"-2525"	"8809"	"-20926"	"-1.467"	"0.483"	"-15.54"
"1740471285000011"	"  9.79"	"2025/02/25 14;52;22"	"-85.9375"	"-414.062"	"15992.2"	"0"	"0"	"0"	"-2528"	"8807"	"-20949"	"-1.467"	"0.483"	"-15.54"
"1740471285000012"	"  9.79"	"2025/02/25 14;52;22"	"-156.25"	"-429.688"	"15984.4"	"0"	"0"	"0"	"-2543"	"8802"	"-20907"	"-1.467"	"0.483"	"-15.54"
"1740471285000013"	"  9.79"	"2025/02/25 14;52;22"	"-171.875"	"-492.188"	"16000"	"0"	"0"	"0"	"-2545"	"8807"	"-20931"	"-1.467"	"0.483"	"-15.54"
"1740471285000014"	"  9.79"	"2025/02/25 14;52;22"	"-117.188"	"-414.062"	"15992.2"	"0"	"0"	"0"	"-2535"	"8809"	"-20837"	"-1.467"	"0.483"	"-15.54"
"1740471285000015"	"  9.79"	"2025/02/25 14;52;22"	"-117.188"	"-359.375"	"16039.1"	"0"	"0"	"0"	"-2523"	"8805"	"-20935"	"-1.467"	"0.483"	"-15.54"
"1740471285000016"	"  9.79"	"2025/02/25 14;52;23"	"-156.25"	"-398.438"	"16039.1"	"0"	"0"	"0"	"-2521"	"8804"	"-20937"	"-1.467"	"0.483"	"-15.54"
"1740471285000017"	"  9.79"	"2025/02/25 14;52;23"	"-109.375"	"-382.812"	"16046.9"	"0"	"0"	"0"	"-2537"	"8795"	"-20981"	"-1.467"	"0.478"	"-15.54"
"1740471285000018"	"  9.79"	"2025/02/25 14;52;23"	"-101.562"	"-398.438"	"16007.8"	"0"	"0"	"0"	"-2537"	"8791"	"-21014"	"-1.467"	"0.478"	"-15.54"
"1740471285000019"	"  9.79"	"2025/02/25 14;52;23"	"-140.625"	"-421.875"	"15953.1"	"0"	"0"	"0"	"-2527"	"8814"	"-20916"	"-1.467"	"0.478"	"-15.54"
"1740471285000020"	"  9.79"	"2025/02/25 14;52;23"	"-125"	"-414.062"	"15976.6"	"0"	"0"	"0"	"-2529"	"8791"	"-20916"	"-1.467"	"0.478"	"-15.54"
"1740471285000021"	"  9.79"	"2025/02/25 14;52;23"	"-164.062"	"-421.875"	"15992.2"	"0"	"0"	"0"	"-2531"	"8786"	"-20904"	"-1.467"	"0.478"	"-15.54"
"1740471285000022"	" 10.08"	"2025/02/25 14;52;23"	"-164.062"	"-375"	"15968.8"	"0"	"0"	"0"	"-2529"	"8788"	"-20903"	"-1.467"	"0.478"	"-15.54"
"1740471285000023"	" 10.08"	"2025/02/25 14;52;23"	"-171.875"	"-414.062"	"15968.8"	"0"	"0"	"0"	"-2529"	"8805"	"-20945"	"-1.461"	"0.478"	"-15.54"
"1740471285000024"	" 10.08"	"2025/02/25 14;52;23"	"-148.438"	"-437.5"	"16031.2"	"0"	"0"	"0"	"-2530"	"8808"	"-20986"	"-1.461"	"0.478"	"-15.54"
"1740471285000025"	" 10.08"	"2025/02/25 14;52;23"	"-109.375"	"-421.875"	"16046.9"	"0"	"0"	"0"	"-2529"	"8799"	"-20906"	"-1.461"	"0.478"	"-15.54"
"1740471285000026"	" 10.08"	"2025/02/25 14;52;24"	"-93.75"	"-390.625"	"15976.6"	"0"	"0"	"0"	"-2531"	"8801"	"-20917"	"-1.461"	"0.478"	"-15.54"
"1740471285000027"	" 10.08"	"2025/02/25 14;52;24"	"-93.75"	"-421.875"	"15929.7"	"0"	"0"	"0"	"-2533"	"8800"	"-20931"	"-1.461"	"0.478"	"-15.54"
"1740471285000028"	" 10.08"	"2025/02/25 14;52;24"	"-171.875"	"-414.062"	"16023.4"	"-0.183"	"1.282"	"0"	"-2522"	"8798"	"-20956"	"-1.478"	"0.571"	"-15.546"
"1740471285000029"	" 10.08"	"2025/02/25 14;52;24"	"414.062"	"117.188"	"18343.8"	"4.578"	"-6.287"	"0"	"-2528"	"8809"	"-20980"	"-1.428"	"0.566"	"-15.546"
"1740471285000030"	" 10.08"	"2025/02/25 14;52;24"	"-562.5"	"-257.812"	"16375"	"1.831"	"38.208"	"0.854"	"-2445"	"8810"	"-21101"	"-1.28"	"2.269"	"-15.381"
"1740471285000031"	" 10.08"	"2025/02/25 14;52;24"	"-1156.25"	"-414.062"	"16500"	"-0.977"	"23.804"	"13.489"	"-2132"	"8795"	"-21386"	"-0.846"	"5.729"	"-15.958"
"1740471285000032"	" 10.08"	"2025/02/25 14;52;24"	"-3226.56"	"-195.312"	"15476.6"	"-0.122"	"82.458"	"1.648"	"-1588"	"8829"	"-21664"	"-0.906"	"11.695"	"-15.007"
"1740471285000033"	" 10.07"	"2025/02/25 14;52;24"	"-5289.06"	"-257.812"	"14929.7"	"-0.488"	"81.848"	"1.587"	"-692"	"8879"	"-21969"	"-0.923"	"19.325"	"-14.974"
"1740471285000034"	" 10.07"	"2025/02/25 14;52;24"	"-7203.12"	"-468.75"	"14093.8"	"-6.409"	"63.232"	"1.526"	"250"	"8953"	"-22090"	"-1.412"	"26.466"	"-15.057"
"1740471285000035"	" 10.07"	"2025/02/25 14;52;24"	"-8726.56"	"-39.0625"	"13617.2"	"-3.296"	"48.828"	"6.836"	"966"	"9015"	"-22050"	"-1.412"	"30.679"	"-14.513"
"1740471285000036"	" 10.07"	"2025/02/25 14;52;25"	"-9398.44"	"-226.562"	"13234.4"	"2.197"	"40.894"	"-1.831"	"1509"	"9040"	"-21983"	"-1.384"	"35.013"	"-14.793"
"1740471285000037"	" 10.07"	"2025/02/25 14;52;25"	"-10437.5"	"-429.688"	"12195.3"	"0.183"	"44.495"	"1.099"	"1983"	"9025"	"-21857"	"-1.324"	"39.512"	"-15.606"
"1740471285000038"	" 10.07"	"2025/02/25 14;52;25"	"-11445.3"	"-273.438"	"11203.1"	"-0.183"	"36.804"	"1.465"	"2452"	"9029"	"-21656"	"-1.302"	"43.923"	"-15.661"
"1740471285000039"	" 10.07"	"2025/02/25 14;52;25"	"-12671.9"	"171.875"	"9921.88"	"-4.456"	"18.738"	"4.395"	"2838"	"9021"	"-21311"	"-1.302"	"46.807"	"-15.375"
"1740471285000040"	" 10.07"	"2025/02/25 14;52;25"	"-12125"	"-492.188"	"10093.8"	"-3.479"	"3.235"	"3.052"	"3044"	"9022"	"-21172"	"-1.291"	"47.867"	"-15.276"
"1740471285000041"	" 10.07"	"2025/02/25 14;52;25"	"-12367.2"	"-289.062"	"9109.38"	"6.531"	"-32.532"	"-6.714"	"3041"	"9025"	"-21125"	"-1.291"	"47"	"-15.826"
"1740471285000042"	" 10.07"	"2025/02/25 14;52;25"	"-10671.9"	"-421.875"	"10218.8"	"8.179"	"-121.582"	"-11.902"	"2626"	"9004"	"-21494"	"-1.285"	"39.853"	"-16.403"
"1740471285000043"	"  9.97"	"2025/02/25 14;52;25"	"-8210.94"	"-1968.75"	"12046.9"	"8.728"	"-137.695"	"-5.493"	"1406"	"8966"	"-21981"	"-1.291"	"26.949"	"-16.88"
"1740471285000044"	"  9.97"	"2025/02/25 14;52;25"	"-4093.75"	"-601.562"	"15382.8"	"-0.916"	"-105.469"	"2.991"	"-36"	"8881"	"-22051"	"-0.791"	"16.095"	"-16.639"
"1740471285000045"	"  9.97"	"2025/02/25 14;52;25"	"-1539.06"	"-726.562"	"15789.1"	"-0.549"	"-120.361"	"18.005"	"-1269"	"8810"	"-21700"	"-0.758"	"5.96"	"-15.831"
"1740471285000046"	"  9.97"	"2025/02/25 14;52;26"	"-234.375"	"-359.375"	"16015.6"	"-2.258"	"-14.587"	"3.784"	"-2110"	"8836"	"-21161"	"-1.258"	"1.675"	"-15.189"
"1740471285000047"	"  9.97"	"2025/02/25 14;52;26"	"54.6875"	"-367.188"	"16187.5"	"0.977"	"-5.676"	"-0.061"	"-2351"	"8842"	"-20937"	"-1.203"	"1.154"	"-15.013"
"1740471285000048"	"  9.97"	"2025/02/25 14;52;26"	"0"	"-390.625"	"16046.9"	"1.404"	"-4.578"	"0"	"-2378"	"8855"	"-20918"	"-1.346"	"1.357"	"-15.013"
"1740471285000049"	"  9.97"	"2025/02/25 14;52;26"	"-101.562"	"-429.688"	"16031.2"	"-0.244"	"0.671"	"0"	"-2391"	"8849"	"-20963"	"-1.346"	"1.324"	"-15.002"
"1740471285000050"	"  9.97"	"2025/02/25 14;52;26"	"-179.688"	"-367.188"	"16039.1"	"0"	"0.061"	"0"	"-2393"	"8854"	"-20907"	"-1.357"	"1.296"	"-14.996"
"1740471285000051"	"  9.97"	"2025/02/25 14;52;26"	"-179.688"	"-414.062"	"15960.9"	"0"	"0.183"	"0"	"-2390"	"8859"	"-20941"	"-1.357"	"1.252"	"-14.991"
"1740471285000052"	"  9.97"	"2025/02/25 14;52;26"	"-148.438"	"-398.438"	"15992.2"	"-0.183"	"0.305"	"0"	"-2391"	"8859"	"-20928"	"-1.362"	"1.203"	"-14.98"
"1740471285000053"	"  9.97"	"2025/02/25 14;52;26"	"-148.438"	"-445.312"	"16007.8"	"0"	"0.122"	"0"	"-2393"	"8859"	"-20933"	"-1.368"	"1.165"	"-14.974"
"1740471285000054"	" 10.12"	"2025/02/25 14;52;26"	"-132.812"	"-382.812"	"15984.4"	"0"	"0.061"	"0"	"-2373"	"8839"	"-20857"	"-1.373"	"1.126"	"-14.969"
"1740471285000055"	" 10.12"	"2025/02/25 14;52;26"	"-117.188"	"-437.5"	"16015.6"	"-0.061"	"-0.061"	"0"	"-2377"	"8851"	"-20919"	"-1.373"	"1.088"	"-14.958"
"1740471285000056"	" 10.12"	"2025/02/25 14;52;27"	"-156.25"	"-351.562"	"16062.5"	"0.061"	"-0.183"	"0"	"-2396"	"8854"	"-20921"	"-1.373"	"1.049"	"-14.952"
"1740471285000057"	" 10.12"	"2025/02/25 14;52;27"	"-140.625"	"-382.812"	"15968.8"	"0"	"0"	"0"	"-2386"	"8870"	"-20909"	"-1.379"	"1.016"	"-14.947"
"1740471285000058"	" 10.12"	"2025/02/25 14;52;27"	"-132.812"	"-398.438"	"16031.2"	"0.122"	"-0.305"	"0"	"-2392"	"8854"	"-20866"	"-1.379"	"0.983"	"-14.941"
"1740471285000059"	" 10.12"	"2025/02/25 14;52;27"	"-117.188"	"-437.5"	"15960.9"	"0"	"0"	"0"	"-2385"	"8859"	"-20872"	"-1.384"	"0.956"	"-14.936"
"1740471285000060"	" 10.12"	"2025/02/25 14;52;27"	"-156.25"	"-382.812"	"16023.4"	"-0.061"	"0"	"0"	"-2384"	"8857"	"-20922"	"-1.384"	"0.928"	"-14.93"
"1740471285000061"	" 10.12"	"2025/02/25 14;52;27"	"-101.562"	"-390.625"	"15992.2"	"-0.122"	"0"	"0"	"-2386"	"8855"	"-20906"	"-1.384"	"0.901"	"-14.925"
"1740471285000062"	" 10.12"	"2025/02/25 14;52;27"	"-109.375"	"-414.062"	"15984.4"	"0.061"	"0.061"	"0"	"-2389"	"8859"	"-20913"	"-1.384"	"0.879"	"-14.925"
"1740471285000063"	" 10.12"	"2025/02/25 14;52;27"	"-140.625"	"-414.062"	"16132.8"	"0.122"	"0"	"0"	"-2389"	"8849"	"-20930"	"-1.39"	"0.857"	"-14.919"
"1740471285000064"	" 10.12"	"2025/02/25 14;52;27"	"-125"	"-437.5"	"16000"	"0"	"0"	"0"	"-2387"	"8844"	"-20867"	"-1.39"	"0.835"	"-14.914"
"1740471285000065"	" 10.07"	"2025/02/25 14;52;27"	"-109.375"	"-421.875"	"16007.8"	"-0.061"	"0.061"	"0"	"-2392"	"8856"	"-20909"	"-1.39"	"0.813"	"-14.908"
"1740471285000066"	" 10.07"	"2025/02/25 14;52;28"	"-125"	"-414.062"	"15960.9"	"-0.122"	"0.061"	"0"	"-2398"	"8871"	"-20890"	"-1.39"	"0.791"	"-14.908"
"1740471285000067"	" 10.07"	"2025/02/25 14;52;28"	"-164.062"	"-343.75"	"16093.8"	"0"	"0"	"0"	"-2385"	"8850"	"-20878"	"-1.395"	"0.775"	"-14.903"
"1740471285000068"	" 10.07"	"2025/02/25 14;52;28"	"-125"	"-390.625"	"16085.9"	"0"	"0"	"0"	"-2389"	"8842"	"-20823"	"-1.39"	"0.764"	"-14.897"
"1740471285000069"	" 10.07"	"2025/02/25 14;52;28"	"-117.188"	"-398.438"	"15984.4"	"0"	"-0.061"	"0"	"-2389"	"8850"	"-20848"	"-1.39"	"0.747"	"-14.897"
"1740471285000070"	" 10.07"	"2025/02/25 14;52;28"	"-101.562"	"-390.625"	"16109.4"	"0"	"-0.061"	"0"	"-2394"	"8851"	"-20886"	"-1.39"	"0.731"	"-14.892"
"1740471285000071"	" 10.07"	"2025/02/25 14;52;28"	"-140.625"	"-429.688"	"15976.6"	"0"	"-0.122"	"0"	"-2380"	"8846"	"-20843"	"-1.395"	"0.714"	"-14.892"
"1740471285000072"	" 10.07"	"2025/02/25 14;52;28"	"-171.875"	"-429.688"	"16023.4"	"0"	"0"	"0"	"-2376"	"8838"	"-20778"	"-1.395"	"0.703"	"-14.892"
"1740471285000073"	" 10.07"	"2025/02/25 14;52;28"	"-148.438"	"-414.062"	"16039.1"	"-0.061"	"0"	"0"	"-2392"	"8836"	"-20794"	"-1.401"	"0.692"	"-14.886"
"1740471285000074"	" 10.07"	"2025/02/25 14;52;28"	"-109.375"	"-445.312"	"16054.7"	"0.061"	"0"	"0"	"-2395"	"8849"	"-20797"	"-1.401"	"0.676"	"-14.886"
"1740471285000075"	" 10.07"	"2025/02/25 14;52;28"	"-171.875"	"-414.062"	"15960.9"	"-0.122"	"0.122"	"0"	"-2391"	"8841"	"-20783"	"-1.406"	"0.659"	"-14.881"
"1740471285000076"	" 10.06"	"2025/02/25 14;52;29"	"-125"	"-421.875"	"16007.8"	"0"	"-0.061"	"0"	"-2375"	"8843"	"-20798"	"-1.406"	"0.648"	"-14.881"
"1740471285000077"	" 10.06"	"2025/02/25 14;52;29"	"-187.5"	"-406.25"	"15898.4"	"0.122"	"-0.122"	"0"	"-2389"	"8843"	"-20855"	"-1.406"	"0.637"	"-14.881"
"1740471285000078"	" 10.06"	"2025/02/25 14;52;29"	"-179.688"	"-429.688"	"15929.7"	"0.122"	"0"	"0"	"-2393"	"8858"	"-20779"	"-1.406"	"0.626"	"-14.875"
"1740471285000079"	" 10.06"	"2025/02/25 14;52;29"	"-101.562"	"-406.25"	"15984.4"	"-0.061"	"0.061"	"0"	"-2384"	"8847"	"-20758"	"-1.406"	"0.621"	"-14.875"
"1740471285000080"	" 10.06"	"2025/02/25 14;52;29"	"-85.9375"	"-437.5"	"16000"	"0"	"-0.061"	"0"	"-2391"	"8848"	"-20792"	"-1.412"	"0.61"	"-14.875"
"1740471285000081"	" 10.06"	"2025/02/25 14;52;29"	"-117.188"	"-398.438"	"16000"	"0"	"0"	"0"	"-2400"	"8847"	"-20855"	"-1.412"	"0.604"	"-14.87"
"1740471285000082"	" 10.06"	"2025/02/25 14;52;29"	"-140.625"	"-390.625"	"15960.9"	"0"	"0"	"0"	"-2387"	"8856"	"-20890"	"-1.412"	"0.599"	"-14.87"
"1740471285000083"	" 10.06"	"2025/02/25 14;52;29"	"-132.812"	"-382.812"	"16171.9"	"0"	"0"	"0"	"-2373"	"8843"	"-20888"	"-1.417"	"0.593"	"-14.87"
"1740471285000084"	" 10.06"	"2025/02/25 14;52;29"	"-156.25"	"-414.062"	"16039.1"	"0"	"0"	"0"	"-2377"	"8852"	"-20971"	"-1.417"	"0.588"	"-14.87"
"1740471285000085"	" 10.06"	"2025/02/25 14;52;29"	"-101.562"	"-390.625"	"16000"	"0"	"0"	"0"	"-2391"	"8862"	"-20994"	"-1.423"	"0.582"	"-14.865"
"1740471285000086"	" 10.06"	"2025/02/25 14;52;30"	"-164.062"	"-421.875"	"16023.4"	"0"	"0"	"0"	"-2389"	"8851"	"-20989"	"-1.423"	"0.571"	"-14.865"
"1740471285000087"	" 10.09"	"2025/02/25 14;52;30"	"-85.9375"	"-445.312"	"16070.3"	"0"	"0"	"0"	"-2384"	"8855"	"-21049"	"-1.423"	"0.566"	"-14.865"
"1740471285000088"	" 10.09"	"2025/02/25 14;52;30"	"-101.562"	"-398.438"	"15992.2"	"0"	"0"	"0"	"-2380"	"8861"	"-20989"	"-1.428"	"0.56"	"-14.865"
"1740471285000089"	" 10.09"	"2025/02/25 14;52;30"	"-156.25"	"-414.062"	"15992.2"	"0"	"0"	"0"	"-2390"	"8853"	"-20977"	"-1.428"	"0.555"	"-14.865"
"1740471285000090"	" 10.09"	"2025/02/25 14;52;30"	"-125"	"-398.438"	"15992.2"	"0"	"0"	"0"	"-2403"	"8858"	"-20978"	"-1.428"	"0.549"	"-14.865"
"1740471285000091"	" 10.09"	"2025/02/25 14;52;30"	"-156.25"	"-414.062"	"15960.9"	"0"	"0"	"0"	"-2383"	"8853"	"-20988"	"-1.428"	"0.544"	"-14.859"
"1740471288000001"	"      "	"2025/02/25 14;52;40"	"-179.688"	"-367.188"	"16007.8"	"0"	"0"	"0"	"-2391"	"8855"	"-21011"	"-1.461"	"0.483"	"-14.848"
"1740471288000002"	"      "	"2025/02/25 14;52;40"	"-93.75"	"-421.875"	"16015.6"	"0"	"0"	"0"	"-2377"	"8857"	"-20927"	"-1.461"	"0.483"	"-14.848"
"1740471288000003"	"      "	"2025/02/25 14;52;40"	"-140.625"	"-445.312"	"15976.6"	"0"	"0"	"0"	"-2392"	"8850"	"-20917"	"-1.461"	"0.483"	"-14.848"
"1740471288000004"	"      "	"2025/02/25 14;52;40"	"-132.812"	"-382.812"	"15976.6"	"0"	"0"	"0"	"-2394"	"8849"	"-20932"	"-1.461"	"0.483"	"-14.848"
"1740471288000005"	"      "	"2025/02/25 14;52;41"	"-210.938"	"-398.438"	"16015.6"	"0"	"0"	"0"	"-2372"	"8833"	"-21004"	"-1.461"	"0.483"	"-14.848"
"1740471288000006"	"      "	"2025/02/25 14;52;41"	"-164.062"	"-429.688"	"16007.8"	"0"	"0"	"0"	"-2391"	"8863"	"-20970"	"-1.461"	"0.483"	"-14.848"
"1740471288000007"	"      "	"2025/02/25 14;52;41"	"-140.625"	"-421.875"	"16031.2"	"0"	"0"	"0"	"-2393"	"8863"	"-20952"	"-1.461"	"0.483"	"-14.848"
"1740471288000008"	"      "	"2025/02/25 14;52;41"	"-101.562"	"-398.438"	"16007.8"	"0"	"0"	"0"	"-2392"	"8856"	"-21001"	"-1.461"	"0.483"	"-14.848"
"1740471288000009"	"      "	"2025/02/25 14;52;41"	"-132.812"	"-406.25"	"16015.6"	"0"	"0"	"0"	"-2389"	"8855"	"-20960"	"-1.461"	"0.483"	"-14.848"
"1740471288000010"	"      "	"2025/02/25 14;52;41"	"-117.188"	"-367.188"	"16054.7"	"0"	"0"	"0"	"-2391"	"8853"	"-21029"	"-1.461"	"0.483"	"-14.848"
"1740471288000011"	"  9.83"	"2025/02/25 14;52;41"	"-78.125"	"-414.062"	"16000"	"0"	"0"	"0"	"-2394"	"8861"	"-21022"	"-1.461"	"0.478"	"-14.848"
"1740471288000012"	"  9.83"	"2025/02/25 14;52;41"	"-117.188"	"-460.938"	"15984.4"	"0"	"0"	"0"	"-2400"	"8869"	"-20993"	"-1.456"	"0.483"	"-14.848"
"1740471288000013"	"  9.83"	"2025/02/25 14;52;41"	"-156.25"	"-375"	"16031.2"	"0"	"0"	"0"	"-2375"	"8863"	"-20989"	"-1.456"	"0.483"	"-14.848"
"1740471288000014"	"  9.83"	"2025/02/25 14;52;41"	"-132.812"	"-359.375"	"15968.8"	"0"	"0"	"0"	"-2397"	"8869"	"-20997"	"-1.456"	"0.483"	"-14.848"
"1740471288000015"	"  9.83"	"2025/02/25 14;52;42"	"-171.875"	"-375"	"16015.6"	"0"	"0"	"0"	"-2397"	"8857"	"-21025"	"-1.456"	"0.483"	"-14.848"
"1740471288000016"	"  9.83"	"2025/02/25 14;52;42"	"-132.812"	"-398.438"	"16000"	"0"	"0"	"0"	"-2397"	"8848"	"-20987"	"-1.456"	"0.483"	"-14.848"
"1740471288000017"	"  9.83"	"2025/02/25 14;52;42"	"-117.188"	"-437.5"	"16031.2"	"0"	"0"	"0"	"-2385"	"8855"	"-20999"	"-1.456"	"0.483"	"-14.848"
"1740471288000018"	"  9.83"	"2025/02/25 14;52;42"	"-93.75"	"-398.438"	"15992.2"	"0"	"0"	"0"	"-2397"	"8865"	"-20999"	"-1.456"	"0.483"	"-14.848"
"1740471288000019"	"  9.83"	"2025/02/25 14;52;42"	"-117.188"	"-429.688"	"16007.8"	"0"	"0"	"0"	"-2387"	"8857"	"-21027"	"-1.456"	"0.483"	"-14.848"
"1740471288000020"	"  9.83"	"2025/02/25 14;52;42"	"-109.375"	"-382.812"	"16015.6"	"0"	"0"	"0"	"-2383"	"8862"	"-21055"	"-1.456"	"0.483"	"-14.848"
"1740471288000021"	"  9.83"	"2025/02/25 14;52;42"	"-171.875"	"-398.438"	"16023.4"	"0"	"0"	"0"	"-2391"	"8850"	"-20976"	"-1.456"	"0.483"	"-14.848"
"1740471288000022"	" 10.09"	"2025/02/25 14;52;42"	"-125"	"-398.438"	"16000"	"0"	"0"	"0"	"-2391"	"8845"	"-20996"	"-1.461"	"0.483"	"-14.848"
"1740471288000023"	" 10.09"	"2025/02/25 14;52;42"	"-117.188"	"-414.062"	"15992.2"	"0"	"0"	"0"	"-2384"	"8847"	"-20979"	"-1.461"	"0.483"	"-14.848"
"1740471288000024"	" 10.09"	"2025/02/25 14;52;42"	"-140.625"	"-390.625"	"16007.8"	"0"	"0"	"0"	"-2382"	"8848"	"-21040"	"-1.461"	"0.483"	"-14.848"
"1740471288000025"	" 10.09"	"2025/02/25 14;52;43"	"-93.75"	"-406.25"	"15992.2"	"0"	"0"	"0"	"-2395"	"8850"	"-21016"	"-1.461"	"0.483"	"-14.848"
"1740471288000026"	" 10.09"	"2025/02/25 14;52;43"	"-179.688"	"-375"	"16000"	"0"	"0"	"0"	"-2394"	"8850"	"-21007"	"-1.461"	"0.483"	"-14.848"
"1740471288000027"	" 10.09"	"2025/02/25 14;52;43"	"-117.188"	"-390.625"	"16031.2"	"0"	"0"	"0"	"-2391"	"8843"	"-21026"	"-1.461"	"0.483"	"-14.848"
"1740471288000028"	" 10.09"	"2025/02/25 14;52;43"	"-203.125"	"-453.125"	"15937.5"	"-0.488"	"1.282"	"0"	"-2389"	"8850"	"-21022"	"-1.478"	"0.533"	"-14.848"
"1740471288000029"	" 10.09"	"2025/02/25 14;52;43"	"23.4375"	"-351.562"	"16273.4"	"2.747"	"-7.202"	"0"	"-2378"	"8851"	"-21043"	"-1.472"	"0.5"	"-14.848"
"1740471288000030"	" 10.09"	"2025/02/25 14;52;43"	"-132.812"	"-437.5"	"16023.4"	"0.122"	"-0.122"	"0"	"-2385"	"8860"	"-21068"	"-1.456"	"0.483"	"-14.848"
"1740471288000031"	" 10.09"	"2025/02/25 14;52;43"	"-156.25"	"-398.438"	"15914.1"	"-0.061"	"0.122"	"0"	"-2381"	"8855"	"-21016"	"-1.456"	"0.483"	"-14.848"
"1740471288000032"	" 10.09"	"2025/02/25 14;52;43"	"-578.125"	"-476.562"	"15203.1"	"0.549"	"0.854"	"-15.808"	"-2376"	"8847"	"-21014"	"-1.489"	"0.643"	"-15.106"
"1740471288000033"	" 10.06"	"2025/02/25 14;52;43"	"226.562"	"-789.062"	"16617.2"	"5.371"	"13.062"	"0.916"	"-2448"	"8807"	"-21001"	"-1.494"	"0.983"	"-16.111"
"1740471288000034"	" 10.06"	"2025/02/25 14;52;43"	"1070.31"	"-2531.25"	"14953.1"	"33.447"	"61.035"	"-30.396"	"-2306"	"8792"	"-21156"	"-1.038"	"4.543"	"-16.776"
"1740471288000035"	" 10.06"	"2025/02/25 14;52;44"	"-3156.25"	"-515.625"	"16320.3"	"0.244"	"117.981"	"-0.671"	"-1726"	"8750"	"-21608"	"-0.89"	"12.541"	"-17.232"
"1740471288000036"	" 10.06"	"2025/02/25 14;52;44"	"-6523.44"	"-23.4375"	"14382.8"	"-7.629"	"112.305"	"-6.165"	"-456"	"8815"	"-22023"	"-1.176"	"24.483"	"-17.238"
"1740471288000037"	" 10.06"	"2025/02/25 14;52;44"	"-9015.62"	"-328.125"	"12820.3"	"-0.122"	"69.214"	"2.197"	"788"	"8877"	"-22114"	"-1.423"	"33.063"	"-17.974"
"1740471288000038"	" 10.06"	"2025/02/25 14;52;44"	"-10687.5"	"203.125"	"11835.9"	"-0.793"	"49.316"	"2.319"	"1624"	"8917"	"-22009"	"-1.417"	"38.732"	"-17.886"
"1740471288000039"	" 10.06"	"2025/02/25 14;52;44"	"-11437.5"	"-273.438"	"10945.3"	"1.465"	"41.809"	"-0.427"	"2201"	"8931"	"-21790"	"-1.384"	"42.99"	"-17.919"
"1740471288000040"	" 10.06"	"2025/02/25 14;52;44"	"-12367.2"	"-226.562"	"10304.7"	"2.197"	"37.17"	"-0.671"	"2643"	"8940"	"-21569"	"-1.329"	"46.829"	"-18.287"
"1740471288000041"	" 10.06"	"2025/02/25 14;52;44"	"-12695.3"	"-195.312"	"9609.38"	"0"	"20.996"	"0.671"	"2968"	"8938"	"-21327"	"-1.302"	"49.818"	"-18.369"
"1740471288000042"	" 10.06"	"2025/02/25 14;52;44"	"-13046.9"	"-304.688"	"8226.56"	"-2.869"	"-18.86"	"1.709"	"3179"	"8938"	"-21161"	"-1.296"	"50.856"	"-18.281"
"1740471288000043"	" 10.06"	"2025/02/25 14;52;44"	"-11906.2"	"-156.25"	"10406.2"	"-3.845"	"-64.941"	"1.892"	"3011"	"8949"	"-21321"	"-1.362"	"46.104"	"-17.611"
"1740471288000044"	"  9.99"	"2025/02/25 14;52;44"	"-8210.94"	"-312.5"	"11968.8"	"-1.831"	"-130.615"	"-0.916"	"2288"	"8931"	"-21784"	"-1.373"	"36.974"	"-17.732"
"1740471288000045"	"  9.99"	"2025/02/25 14;52;45"	"-5453.12"	"296.875"	"17882.8"	"3.235"	"-137.878"	"-3.479"	"917"	"8885"	"-22061"	"-0.923"	"22.676"	"-18.051"
"1740471288000046"	"  9.99"	"2025/02/25 14;52;45"	"-1960.94"	"-484.375"	"17023.4"	"-2.075"	"-118.896"	"15.686"	"-749"	"8797"	"-21898"	"-0.857"	"10.135"	"-17.353"
"1740471288000047"	"  9.99"	"2025/02/25 14;52;45"	"984.375"	"406.25"	"20320.3"	"-13.428"	"-49.377"	"-1.404"	"-1890"	"8782"	"-21307"	"-1.329"	"1.802"	"-16.479"
"1740471288000048"	"  9.99"	"2025/02/25 14;52;45"	"-234.375"	"-421.875"	"15976.6"	"0.366"	"-1.587"	"0"	"-2382"	"8794"	"-20990"	"-1.417"	"1.516"	"-16.837"
"1740471288000049"	"  9.99"	"2025/02/25 14;52;45"	"23.4375"	"-312.5"	"16609.4"	"2.319"	"-4.456"	"-0.122"	"-2476"	"8775"	"-20898"	"-1.445"	"1.549"	"-16.826"
"1740471288000050"	"  9.99"	"2025/02/25 14;52;45"	"-218.75"	"-429.688"	"15835.9"	"-0.305"	"0.61"	"0"	"-2501"	"8763"	"-20833"	"-1.379"	"1.34"	"-16.82"
"1740471288000051"	"  9.99"	"2025/02/25 14;52;45"	"-101.562"	"-445.312"	"16046.9"	"-0.244"	"0.366"	"0"	"-2497"	"8779"	"-20902"	"-1.379"	"1.291"	"-16.815"
"1740471288000052"	"  9.99"	"2025/02/25 14;52;45"	"-93.75"	"-367.188"	"16015.6"	"0.183"	"-0.366"	"-0.122"	"-2482"	"8761"	"-20861"	"-1.384"	"1.241"	"-16.809"
"1740471288000053"	"  9.99"	"2025/02/25 14;52;45"	"-171.875"	"-421.875"	"15968.8"	"0"	"0"	"-0.061"	"-2494"	"8776"	"-20920"	"-1.39"	"1.208"	"-16.809"
"1740471288000054"	"  9.99"	"2025/02/25 14;52;45"	"-156.25"	"-437.5"	"16007.8"	"-0.122"	"0"	"0"	"-2490"	"8785"	"-20840"	"-1.395"	"1.165"	"-16.804"
"1740471288000055"	" 10.09"	"2025/02/25 14;52;46"	"-132.812"	"-398.438"	"16031.2"	"0.061"	"0"	"0"	"-2487"	"8779"	"-20903"	"-1.395"	"1.126"	"-16.798"
"1740471288000056"	" 10.09"	"2025/02/25 14;52;46"	"-164.062"	"-468.75"	"15960.9"	"0.061"	"0"	"0"	"-2492"	"8778"	"-20865"	"-1.395"	"1.088"	"-16.793"
"1740471288000057"	" 10.09"	"2025/02/25 14;52;46"	"-140.625"	"-429.688"	"16015.6"	"-0.061"	"-0.061"	"0"	"-2485"	"8758"	"-20889"	"-1.401"	"1.055"	"-16.793"
"1740471288000058"	" 10.09"	"2025/02/25 14;52;46"	"-132.812"	"-421.875"	"15953.1"	"0.061"	"-0.183"	"0"	"-2483"	"8779"	"-20826"	"-1.401"	"1.022"	"-16.787"
"1740471288000059"	" 10.09"	"2025/02/25 14;52;46"	"-164.062"	"-437.5"	"15992.2"	"0"	"-0.122"	"0"	"-2489"	"8786"	"-20878"	"-1.401"	"0.989"	"-16.782"
"1740471288000060"	" 10.09"	"2025/02/25 14;52;46"	"-140.625"	"-414.062"	"16000"	"0.061"	"-0.183"	"0"	"-2483"	"8772"	"-20908"	"-1.406"	"0.961"	"-16.782"
"1740471288000061"	" 10.09"	"2025/02/25 14;52;46"	"-179.688"	"-406.25"	"16023.4"	"0.061"	"-0.061"	"0"	"-2494"	"8776"	"-20885"	"-1.406"	"0.934"	"-16.776"
"1740471288000062"	" 10.09"	"2025/02/25 14;52;46"	"-140.625"	"-414.062"	"15984.4"	"0"	"0"	"0"	"-2495"	"8781"	"-20910"	"-1.406"	"0.906"	"-16.776"
"1740471288000063"	" 10.09"	"2025/02/25 14;52;46"	"-140.625"	"-414.062"	"16007.8"	"0.122"	"-0.061"	"0"	"-2497"	"8783"	"-20941"	"-1.412"	"0.884"	"-16.771"
"1740471288000064"	" 10.09"	"2025/02/25 14;52;46"	"-156.25"	"-390.625"	"16007.8"	"0.061"	"0"	"0"	"-2500"	"8778"	"-20935"	"-1.406"	"0.857"	"-16.771"
"1740471288000065"	" 10.09"	"2025/02/25 14;52;47"	"-140.625"	"-382.812"	"16023.4"	"-0.061"	"0"	"0"	"-2491"	"8779"	"-20942"	"-1.412"	"0.835"	"-16.765"
"1740471288000066"	" 10.08"	"2025/02/25 14;52;47"	"-117.188"	"-429.688"	"15968.8"	"0.061"	"-0.061"	"0"	"-2485"	"8773"	"-20835"	"-1.412"	"0.818"	"-16.765"
"1740471288000067"	" 10.08"	"2025/02/25 14;52;47"	"-125"	"-398.438"	"15984.4"	"0.244"	"-0.061"	"0"	"-2485"	"8772"	"-20824"	"-1.412"	"0.797"	"-16.76"
"1740471288000068"	" 10.08"	"2025/02/25 14;52;47"	"-156.25"	"-421.875"	"16007.8"	"0.061"	"0"	"0"	"-2491"	"8774"	"-20829"	"-1.417"	"0.78"	"-16.76"
"1740471288000069"	" 10.08"	"2025/02/25 14;52;47"	"-210.938"	"-445.312"	"16070.3"	"0"	"0.183"	"0"	"-2496"	"8788"	"-20837"	"-1.423"	"0.764"	"-16.76"
"1740471288000070"	" 10.08"	"2025/02/25 14;52;47"	"-179.688"	"-453.125"	"15984.4"	"0"	"-0.061"	"0"	"-2492"	"8788"	"-20842"	"-1.423"	"0.747"	"-16.754"
"1740471288000071"	" 10.08"	"2025/02/25 14;52;47"	"-148.438"	"-468.75"	"16015.6"	"0.061"	"0.122"	"0"	"-2488"	"8786"	"-20899"	"-1.423"	"0.731"	"-16.754"
"1740471288000072"	" 10.08"	"2025/02/25 14;52;47"	"-156.25"	"-429.688"	"15984.4"	"0"	"0"	"0"	"-2485"	"8785"	"-20841"	"-1.428"	"0.72"	"-16.754"
"1740471292000001"	"      "	"2025/02/25 14;53;05"	"-125"	"-437.5"	"16085.9"	"0"	"0"	"0"	"-2495"	"8770"	"-20923"	"-1.478"	"0.516"	"-16.727"
"1740471292000002"	"      "	"2025/02/25 14;53;05"	"-148.438"	"-406.25"	"16000"	"0"	"0"	"0"	"-2499"	"8788"	"-20903"	"-1.478"	"0.516"	"-16.727"
"1740471292000003"	"      "	"2025/02/25 14;53;06"	"-132.812"	"-398.438"	"15984.4"	"0"	"0"	"0"	"-2496"	"8775"	"-20965"	"-1.478"	"0.516"	"-16.727"
"1740471292000004"	"      "	"2025/02/25 14;53;06"	"-148.438"	"-398.438"	"16023.4"	"0"	"0"	"0"	"-2503"	"8768"	"-20923"	"-1.478"	"0.516"	"-16.727"
"1740471292000005"	"      "	"2025/02/25 14;53;06"	"-148.438"	"-406.25"	"15968.8"	"0"	"0"	"0"	"-2495"	"8769"	"-20976"	"-1.478"	"0.516"	"-16.727"
"1740471292000006"	"      "	"2025/02/25 14;53;06"	"-140.625"	"-414.062"	"16015.6"	"0"	"0"	"0"	"-2485"	"8782"	"-21000"	"-1.478"	"0.516"	"-16.727"
"1740471292000007"	"      "	"2025/02/25 14;53;06"	"-117.188"	"-421.875"	"16007.8"	"0"	"0"	"0"	"-2490"	"8770"	"-20941"	"-1.478"	"0.516"	"-16.727"
"1740471292000008"	"      "	"2025/02/25 14;53;06"	"-140.625"	"-429.688"	"16023.4"	"0"	"0"	"0"	"-2489"	"8769"	"-20914"	"-1.478"	"0.516"	"-16.727"
"1740471292000009"	"      "	"2025/02/25 14;53;06"	"-179.688"	"-406.25"	"16007.8"	"0"	"0"	"0"	"-2486"	"8773"	"-20945"	"-1.478"	"0.516"	"-16.727"
"1740471292000010"	"      "	"2025/02/25 14;53;06"	"-148.438"	"-406.25"	"16023.4"	"0"	"0"	"0"	"-2490"	"8768"	"-20958"	"-1.478"	"0.516"	"-16.727"
"1740471292000011"	"  9.97"	"2025/02/25 14;53;06"	"-203.125"	"-382.812"	"16031.2"	"0"	"0"	"0"	"-2492"	"8781"	"-20899"	"-1.478"	"0.516"	"-16.727"
"1740471292000012"	"  9.97"	"2025/02/25 14;53;06"	"-132.812"	"-414.062"	"15992.2"	"0"	"0"	"0"	"-2478"	"8773"	"-20910"	"-1.478"	"0.511"	"-16.727"
"1740471292000013"	"  9.97"	"2025/02/25 14;53;07"	"-156.25"	"-429.688"	"15953.1"	"0"	"0"	"0"	"-2491"	"8770"	"-20895"	"-1.478"	"0.511"	"-16.727"
"1740471292000014"	"  9.97"	"2025/02/25 14;53;07"	"-179.688"	"-398.438"	"16000"	"0"	"0"	"0"	"-2511"	"8768"	"-20916"	"-1.478"	"0.511"	"-16.727"
"1740471292000015"	"  9.97"	"2025/02/25 14;53;07"	"-132.812"	"-429.688"	"16000"	"0"	"0"	"0"	"-2493"	"8784"	"-20936"	"-1.478"	"0.511"	"-16.727"
"1740471292000016"	"  9.97"	"2025/02/25 14;53;07"	"-93.75"	"-390.625"	"15953.1"	"0"	"0"	"0"	"-2500"	"8774"	"-20929"	"-1.478"	"0.511"	"-16.727"
"1740471292000017"	"  9.97"	"2025/02/25 14;53;07"	"-85.9375"	"-390.625"	"16023.4"	"0"	"0"	"0"	"-2498"	"8780"	"-20933"	"-1.478"	"0.511"	"-16.727"
"1740471292000018"	"  9.97"	"2025/02/25 14;53;07"	"-132.812"	"-445.312"	"16007.8"	"0"	"0"	"0"	"-2488"	"8777"	"-20932"	"-1.478"	"0.511"	"-16.727"
"1740471292000019"	"  9.97"	"2025/02/25 14;53;07"	"-148.438"	"-429.688"	"16007.8"	"0"	"0"	"0"	"-2478"	"8769"	"-20905"	"-1.478"	"0.511"	"-16.727"
"1740471292000020"	"  9.97"	"2025/02/25 14;53;07"	"-125"	"-367.188"	"16007.8"	"0"	"0"	"0"	"-2499"	"8788"	"-20920"	"-1.478"	"0.511"	"-16.727"
"1740471292000021"	"  9.97"	"2025/02/25 14;53;07"	"-156.25"	"-406.25"	"16000"	"0"	"0"	"0"	"-2490"	"8788"	"-20909"	"-1.478"	"0.511"	"-16.727"
"1740471292000022"	" 10.09"	"2025/02/25 14;53;07"	"-132.812"	"-382.812"	"15976.6"	"0"	"0"	"0"	"-2498"	"8791"	"-20944"	"-1.478"	"0.511"	"-16.727"
"1740471292000023"	" 10.09"	"2025/02/25 14;53;08"	"-156.25"	"-406.25"	"15976.6"	"0"	"0"	"0"	"-2498"	"8778"	"-20943"	"-1.483"	"0.511"	"-16.727"
"1740471292000024"	" 10.09"	"2025/02/25 14;53;08"	"-179.688"	"-406.25"	"16007.8"	"0"	"0"	"0"	"-2501"	"8787"	"-20946"	"-1.478"	"0.511"	"-16.727"
"1740471292000025"	" 10.09"	"2025/02/25 14;53;08"	"-148.438"	"-398.438"	"15992.2"	"0"	"0"	"0"	"-2493"	"8781"	"-20957"	"-1.478"	"0.511"	"-16.727"
"1740471292000026"	" 10.09"	"2025/02/25 14;53;08"	"-101.562"	"-398.438"	"16007.8"	"0.122"	"-1.16"	"0"	"-2490"	"8780"	"-20965"	"-1.478"	"0.45"	"-16.727"
"1740471292000027"	" 10.09"	"2025/02/25 14;53;08"	"-132.812"	"-390.625"	"16023.4"	"0.183"	"-0.244"	"0"	"-2502"	"8783"	"-20968"	"-1.478"	"0.478"	"-16.727"
"1740471292000028"	" 10.09"	"2025/02/25 14;53;08"	"-140.625"	"-453.125"	"15992.2"	"0"	"-0.183"	"0"	"-2505"	"8778"	"-20988"	"-1.483"	"0.505"	"-16.727"
"1740471292000029"	" 10.09"	"2025/02/25 14;53;08"	"-132.812"	"-476.562"	"16015.6"	"0.061"	"-0.061"	"0"	"-2478"	"8777"	"-20958"	"-1.483"	"0.505"	"-16.727"
"1740471292000030"	" 10.09"	"2025/02/25 14;53;08"	"-132.812"	"-382.812"	"16109.4"	"-0.549"	"3.479"	"0"	"-2480"	"8770"	"-20924"	"-1.516"	"0.676"	"-16.732"
"1740471292000031"	" 10.09"	"2025/02/25 14;53;08"	"-132.812"	"-312.5"	"17296.9"	"2.502"	"54.504"	"0.61"	"-2365"	"8814"	"-21051"	"-1.373"	"2.274"	"-15.458"
"1740471292000032"	" 10.09"	"2025/02/25 14;53;08"	"-2226.56"	"-156.25"	"15835.9"	"-0.305"	"61.646"	"0.793"	"-1873"	"8814"	"-21399"	"-0.934"	"7.998"	"-15.694"
"1740471292000033"	" 10.07"	"2025/02/25 14;53;09"	"-4164.06"	"-406.25"	"14906.2"	"-0.488"	"90.637"	"1.953"	"-1178"	"8835"	"-21753"	"-0.967"	"15.661"	"-16.161"
"1740471292000034"	" 10.07"	"2025/02/25 14;53;09"	"-6445.31"	"-156.25"	"14070.3"	"-5.371"	"85.693"	"-5.615"	"-213"	"8861"	"-22005"	"-1.115"	"23.324"	"-16.205"
"1740471292000035"	" 10.07"	"2025/02/25 14;53;09"	"-8273.44"	"-679.688"	"13570.3"	"1.892"	"42.908"	"-1.892"	"668"	"8928"	"-22058"	"-1.483"	"29.872"	"-16.771"
"1740471292000036"	" 10.07"	"2025/02/25 14;53;09"	"-9468.75"	"-125"	"12421.9"	"2.93"	"35.034"	"-3.54"	"1246"	"8956"	"-22029"	"-1.489"	"33.629"	"-16.655"
"1740471292000037"	" 10.07"	"2025/02/25 14;53;09"	"-9632.81"	"-351.562"	"12679.7"	"-4.028"	"15.198"	"5.371"	"1599"	"8955"	"-21951"	"-1.489"	"35.76"	"-16.826"
"1740471292000038"	" 10.07"	"2025/02/25 14;53;09"	"-10343.8"	"-484.375"	"12625"	"2.93"	"25.085"	"-2.258"	"1850"	"8967"	"-21880"	"-1.483"	"37.634"	"-16.754"
"1740471292000039"	" 10.07"	"2025/02/25 14;53;09"	"-10640.6"	"-398.438"	"11453.1"	"3.54"	"13.306"	"-3.418"	"2063"	"8971"	"-21802"	"-1.483"	"39.716"	"-16.974"
"1740471292000040"	" 10.07"	"2025/02/25 14;53;09"	"-11312.5"	"93.75"	"10351.6"	"1.953"	"3.418"	"-2.075"	"2245"	"8960"	"-21748"	"-1.467"	"41.182"	"-17.04"
"1740471292000041"	" 10.07"	"2025/02/25 14;53;09"	"-10226.6"	"-421.875"	"11218.8"	"2.441"	"-74.768"	"-5.31"	"2147"	"8938"	"-21835"	"-1.423"	"37.711"	"-17.908"
"1740471292000042"	" 10.07"	"2025/02/25 14;53;09"	"-7742.19"	"-242.188"	"13835.9"	"-2.38"	"-108.276"	"1.282"	"1340"	"8907"	"-22040"	"-1.467"	"28.449"	"-18.111"
"1740471292000043"	" 10.07"	"2025/02/25 14;53;10"	"-5367.19"	"-812.5"	"14726.6"	"-0.977"	"-96.436"	"1.953"	"229"	"8833"	"-22093"	"-0.972"	"19.545"	"-17.897"
"1740471292000044"	" 10.01"	"2025/02/25 14;53;10"	"-1468.75"	"-1078.12"	"16273.4"	"0"	"-115.662"	"1.77"	"-906"	"8791"	"-21871"	"-0.928"	"8.915"	"-16.957"
"1740471292000045"	" 10.01"	"2025/02/25 14;53;10"	"781.25"	"0"	"20398.4"	"-15.137"	"-48.462"	"11.78"	"-1975"	"8785"	"-21285"	"-1.489"	"1.373"	"-15.826"
"1740471292000046"	" 10.01"	"2025/02/25 14;53;10"	"-1898.44"	"343.75"	"16148.4"	"-0.732"	"0.183"	"-10.498"	"-2338"	"8799"	"-21031"	"-1.423"	"1.198"	"-15.848"
"1740471292000047"	" 10.01"	"2025/02/25 14;53;10"	"-85.9375"	"-375"	"16078.1"	"-0.122"	"0.183"	"0"	"-2467"	"8781"	"-20956"	"-1.456"	"1.17"	"-16.727"
"1740471292000048"	" 10.01"	"2025/02/25 14;53;10"	"-171.875"	"-414.062"	"15960.9"	"-0.061"	"0.244"	"0"	"-2485"	"8771"	"-20953"	"-1.467"	"1.187"	"-16.716"
"1740471292000049"	" 10.01"	"2025/02/25 14;53;10"	"-140.625"	"-406.25"	"16062.5"	"0.061"	"-0.183"	"0"	"-2494"	"8763"	"-20977"	"-1.472"	"1.148"	"-16.71"
"1740471292000050"	" 10.01"	"2025/02/25 14;53;10"	"-171.875"	"-390.625"	"16007.8"	"0"	"-0.366"	"0"	"-2488"	"8770"	"-20984"	"-1.478"	"1.115"	"-16.699"
"1740471292000051"	" 10.01"	"2025/02/25 14;53;10"	"-156.25"	"-398.438"	"15984.4"	"0.122"	"-0.183"	"-0.061"	"-2493"	"8761"	"-20958"	"-1.478"	"1.088"	"-16.688"
"1740471292000052"	" 10.01"	"2025/02/25 14;53;10"	"-132.812"	"-421.875"	"16007.8"	"-0.061"	"0.122"	"0"	"-2491"	"8763"	"-20902"	"-1.483"	"1.055"	"-16.683"
"1740471292000053"	" 10.01"	"2025/02/25 14;53;11"	"-179.688"	"-414.062"	"16015.6"	"0"	"0"	"0"	"-2487"	"8753"	"-20840"	"-1.483"	"1.022"	"-16.672"
"1740471292000054"	" 10.01"	"2025/02/25 14;53;11"	"-117.188"	"-429.688"	"16007.8"	"-0.244"	"0.061"	"0"	"-2492"	"8767"	"-20868"	"-1.489"	"0.994"	"-16.666"
"1740471292000055"	" 10.07"	"2025/02/25 14;53;11"	"-132.812"	"-406.25"	"16039.1"	"-0.122"	"0"	"0"	"-2482"	"8759"	"-20860"	"-1.489"	"0.967"	"-16.661"
"1740471292000056"	" 10.07"	"2025/02/25 14;53;11"	"-171.875"	"-398.438"	"15953.1"	"0"	"-0.061"	"0"	"-2503"	"8767"	"-20807"	"-1.489"	"0.939"	"-16.655"
"1740471292000057"	" 10.07"	"2025/02/25 14;53;11"	"-85.9375"	"-421.875"	"15968.8"	"0"	"0"	"0"	"-2487"	"8759"	"-20811"	"-1.494"	"0.912"	"-16.644"
"1740471292000058"	" 10.07"	"2025/02/25 14;53;11"	"-109.375"	"-414.062"	"16023.4"	"-0.061"	"0"	"0"	"-2487"	"8762"	"-20824"	"-1.494"	"0.89"	"-16.639"
"1740471292000059"	" 10.07"	"2025/02/25 14;53;11"	"-156.25"	"-421.875"	"15984.4"	"-0.183"	"0"	"0"	"-2483"	"8761"	"-20812"	"-1.494"	"0.868"	"-16.633"
"1740471292000060"	" 10.07"	"2025/02/25 14;53;11"	"-156.25"	"-382.812"	"16007.8"	"-0.061"	"-0.061"	"0"	"-2489"	"8767"	"-20855"	"-1.5"	"0.846"	"-16.628"
"1740471292000061"	" 10.07"	"2025/02/25 14;53;11"	"-140.625"	"-414.062"	"15968.8"	"0"	"-0.061"	"0"	"-2494"	"8759"	"-20858"	"-1.5"	"0.829"	"-16.628"
"1740471292000062"	" 10.07"	"2025/02/25 14;53;11"	"-148.438"	"-406.25"	"15984.4"	"0"	"0"	"0"	"-2478"	"8755"	"-20919"	"-1.5"	"0.807"	"-16.622"
"1740471292000063"	" 10.07"	"2025/02/25 14;53;12"	"-125"	"-414.062"	"16031.2"	"0.061"	"0"	"0"	"-2489"	"8764"	"-20903"	"-1.5"	"0.791"	"-16.617"
"1740471292000064"	" 10.07"	"2025/02/25 14;53;12"	"-140.625"	"-429.688"	"16023.4"	"0"	"0"	"0"	"-2500"	"8773"	"-20907"	"-1.505"	"0.775"	"-16.611"
"1740471292000065"	" 10.07"	"2025/02/25 14;53;12"	"-156.25"	"-437.5"	"16007.8"	"-0.122"	"-0.061"	"0"	"-2483"	"8755"	"-20812"	"-1.505"	"0.764"	"-16.611"
"1740471292000066"	" 10.07"	"2025/02/25 14;53;12"	"-156.25"	"-390.625"	"15953.1"	"-0.122"	"-0.122"	"0"	"-2507"	"8773"	"-20847"	"-1.505"	"0.747"	"-16.606"
"1740471292000067"	" 10.07"	"2025/02/25 14;53;12"	"-171.875"	"-421.875"	"16015.6"	"-0.122"	"-0.061"	"0"	"-2482"	"8785"	"-20906"	"-1.505"	"0.731"	"-16.6"
"1740471292000068"	" 10.07"	"2025/02/25 14;53;12"	"-164.062"	"-367.188"	"16023.4"	"0"	"0"	"0"	"-2494"	"8775"	"-20859"	"-1.505"	"0.72"	"-16.6"
"1740471292000069"	" 10.07"	"2025/02/25 14;53;12"	"-156.25"	"-414.062"	"16000"	"0.061"	"0.061"	"0"	"-2507"	"8772"	"-20896"	"-1.505"	"0.709"	"-16.595"
"1740471292000070"	" 10.07"	"2025/02/25 14;53;12"	"-85.9375"	"-406.25"	"16007.8"	"0"	"0"	"0"	"-2488"	"8769"	"-20883"	"-1.505"	"0.698"	"-16.595"
"1740471292000071"	" 10.07"	"2025/02/25 14;53;12"	"-203.125"	"-429.688"	"16000"	"0"	"-0.061"	"0"	"-2498"	"8771"	"-20920"	"-1.511"	"0.687"	"-16.589"
"1740471292000072"	" 10.07"	"2025/02/25 14;53;12"	"-164.062"	"-406.25"	"16007.8"	"-0.061"	"0"	"0"	"-2495"	"8778"	"-20876"	"-1.511"	"0.676"	"-16.589"
"1740471292000073"	" 10.07"	"2025/02/25 14;53;13"	"-218.75"	"-414.062"	"16015.6"	"0"	"0"	"0"	"-2497"	"8777"	"-20768"	"-1.511"	"0.665"	"-16.584"
"1740471292000074"	" 10.07"	"2025/02/25 14;53;13"	"-156.25"	"-414.062"	"15953.1"	"0"	"0"	"0"	"-2485"	"8751"	"-20797"	"-1.511"	"0.659"	"-16.584"
"1740471292000075"	" 10.07"	"2025/02/25 14;53;13"	"-171.875"	"-437.5"	"16031.2"	"-0.122"	"-0.122"	"0"	"-2490"	"8767"	"-20883"	"-1.511"	"0.648"	"-16.584"
"1740471292000076"	" 10.07"	"2025/02/25 14;53;13"	"-117.188"	"-414.062"	"16015.6"	"-0.122"	"0"	"0"	"-2485"	"8757"	"-20928"	"-1.511"	"0.643"	"-16.578"
"1740471292000077"	" 10.10"	"2025/02/25 14;53;13"	"-156.25"	"-468.75"	"16015.6"	"-0.061"	"0"	"0"	"-2495"	"8771"	"-20907"	"-1.511"	"0.637"	"-16.578"
"1740471292000078"	" 10.10"	"2025/02/25 14;53;13"	"-125"	"-437.5"	"16015.6"	"0"	"0"	"0"	"-2481"	"8764"	"-20851"	"-1.511"	"0.632"	"-16.578"
"1740471292000079"	" 10.10"	"2025/02/25 14;53;13"	"-117.188"	"-406.25"	"15992.2"	"0"	"0"	"0"	"-2500"	"8756"	"-20948"	"-1.511"	"0.626"	"-16.573"
"1740471292000080"	" 10.10"	"2025/02/25 14;53;13"	"-156.25"	"-421.875"	"16015.6"	"0"	"0"	"0"	"-2502"	"8779"	"-20910"	"-1.505"	"0.615"	"-16.573"
"1740471292000081"	" 10.10"	"2025/02/25 14;53;13"	"-195.312"	"-429.688"	"15976.6"	"0"	"0"	"0"	"-2500"	"8767"	"-20920"	"-1.505"	"0.61"	"-16.573"
"1740471292000082"	" 10.10"	"2025/02/25 14;53;13"	"-164.062"	"-414.062"	"16015.6"	"0"	"0"	"0"	"-2483"	"8767"	"-20891"	"-1.505"	"0.61"	"-16.573"
"1740471292000083"	" 10.10"	"2025/02/25 14;53;14"	"-109.375"	"-414.062"	"15992.2"	"0"	"0"	"0"	"-2489"	"8769"	"-20886"	"-1.505"	"0.604"	"-16.567"
"1740471292000084"	" 10.10"	"2025/02/25 14;53;14"	"-179.688"	"-421.875"	"16007.8"	"0"	"0"	"0"	"-2494"	"8767"	"-20940"	"-1.5"	"0.599"	"-16.567"
"1740471292000085"	" 10.10"	"2025/02/25 14;53;14"	"-164.062"	"-414.062"	"15976.6"	"0"	"0"	"0"	"-2494"	"8772"	"-20958"	"-1.5"	"0.593"	"-16.567"
"1740471292000086"	" 10.10"	"2025/02/25 14;53;14"	"-117.188"	"-359.375"	"16000"	"0"	"0"	"0"	"-2501"	"8765"	"-20935"	"-1.5"	"0.588"	"-16.567"
"1740471292000087"	" 10.10"	"2025/02/25 14;53;14"	"-171.875"	"-429.688"	"16015.6"	"0"	"0"	"0"	"-2492"	"8765"	"-20931"	"-1.5"	"0.588"	"-16.562"
"1740471292000088"	" 10.06"	"2025/02/25 14;53;14"	"-171.875"	"-421.875"	"15953.1"	"0"	"0"	"0"	"-2491"	"8762"	"-20937"	"-1.5"	"0.582"	"-16.562"
"1740471292000089"	" 10.06"	"2025/02/25 14;53;14"	"-148.438"	"-421.875"	"16000"	"0"	"0"	"0"	"-2496"	"8761"	"-20906"	"-1.5"	"0.577"	"-16.562"
"1740471292000090"	" 10.06"	"2025/02/25 14;53;14"	"-148.438"	"-429.688"	"16007.8"	"0"	"0"	"0"	"-2496"	"8779"	"-20895"	"-1.5"	"0.577"	"-16.562"
"1740471292000091"	" 10.06"	"2025/02/25 14;53;14"	"-101.562"	"-429.688"	"15992.2"	"0"	"0"	"0"	"-2495"	"8777"	"-20906"	"-1.5"	"0.571"	"-16.562"
"1740471292000092"	" 10.06"	"2025/02/25 14;53;14"	"-164.062"	"-398.438"	"16015.6"	"0"	"0"	"0"	"-2489"	"8761"	"-20984"	"-1.494"	"0.571"	"-16.562"
"1740471292000093"	" 10.06"	"2025/02/25 14;53;15"	"-242.188"	"-414.062"	"16015.6"	"0"	"0"	"0"	"-2495"	"8772"	"-20914"	"-1.494"	"0.566"	"-16.562"
"1740471295000001"	"      "	"2025/02/25 14;53;23"	"-164.062"	"-382.812"	"16039.1"	"0"	"0"	"0"	"-2487"	"8768"	"-20915"	"-1.478"	"0.533"	"-16.551"
"1740471295000002"	"      "	"2025/02/25 14;53;23"	"-195.312"	"-382.812"	"15960.9"	"0"	"0"	"0"	"-2486"	"8761"	"-20928"	"-1.478"	"0.533"	"-16.551"
"1740471295000003"	"      "	"2025/02/25 14;53;23"	"-140.625"	"-406.25"	"15968.8"	"0"	"0"	"0"	"-2486"	"8766"	"-20877"	"-1.478"	"0.533"	"-16.551"
"1740471295000004"	"      "	"2025/02/25 14;53;23"	"-156.25"	"-445.312"	"15992.2"	"0"	"0"	"0"	"-2494"	"8782"	"-20924"	"-1.478"	"0.533"	"-16.551"
"1740471295000005"	"      "	"2025/02/25 14;53;23"	"-148.438"	"-429.688"	"15992.2"	"0"	"0"	"0"	"-2489"	"8769"	"-20898"	"-1.478"	"0.533"	"-16.551"
"1740471295000006"	"      "	"2025/02/25 14;53;23"	"-164.062"	"-421.875"	"16007.8"	"0"	"0"	"0"	"-2504"	"8779"	"-20943"	"-1.478"	"0.527"	"-16.551"
"1740471295000007"	"      "	"2025/02/25 14;53;23"	"-148.438"	"-421.875"	"16015.6"	"0"	"0"	"0"	"-2499"	"8776"	"-20898"	"-1.478"	"0.527"	"-16.551"
"1740471295000008"	"      "	"2025/02/25 14;53;24"	"-85.9375"	"-445.312"	"15984.4"	"0"	"0"	"0"	"-2498"	"8769"	"-20935"	"-1.478"	"0.527"	"-16.551"
"1740471295000009"	"      "	"2025/02/25 14;53;24"	"-210.938"	"-382.812"	"16039.1"	"0"	"0"	"0"	"-2494"	"8775"	"-20897"	"-1.478"	"0.527"	"-16.551"
"1740471295000010"	"      "	"2025/02/25 14;53;24"	"-132.812"	"-414.062"	"16015.6"	"0"	"0"	"0"	"-2491"	"8772"	"-20877"	"-1.478"	"0.527"	"-16.551"
"1740471295000011"	"  9.83"	"2025/02/25 14;53;24"	"-171.875"	"-375"	"16023.4"	"0"	"0"	"0"	"-2493"	"8768"	"-20778"	"-1.483"	"0.527"	"-16.551"
"1740471295000012"	"  9.83"	"2025/02/25 14;53;24"	"-148.438"	"-375"	"16015.6"	"0"	"0"	"0"	"-2502"	"8769"	"-20856"	"-1.483"	"0.527"	"-16.551"
"1740471295000013"	"  9.83"	"2025/02/25 14;53;24"	"-132.812"	"-406.25"	"15976.6"	"0"	"0"	"0"	"-2497"	"8773"	"-20841"	"-1.483"	"0.527"	"-16.551"
"1740471295000014"	"  9.83"	"2025/02/25 14;53;24"	"-132.812"	"-390.625"	"15960.9"	"0"	"0"	"0"	"-2487"	"8762"	"-20876"	"-1.478"	"0.522"	"-16.551"
"1740471295000015"	"  9.83"	"2025/02/25 14;53;24"	"-171.875"	"-406.25"	"16007.8"	"0"	"0"	"0"	"-2495"	"8778"	"-20914"	"-1.478"	"0.522"	"-16.551"
"1740471295000016"	"  9.83"	"2025/02/25 14;53;24"	"-125"	"-429.688"	"16039.1"	"0"	"0"	"0"	"-2485"	"8779"	"-20964"	"-1.478"	"0.527"	"-16.551"
"1740471295000017"	"  9.83"	"2025/02/25 14;53;24"	"-164.062"	"-414.062"	"15992.2"	"0"	"0"	"0"	"-2485"	"8775"	"-20968"	"-1.478"	"0.527"	"-16.551"
"1740471295000018"	"  9.83"	"2025/02/25 14;53;25"	"-148.438"	"-437.5"	"15992.2"	"0"	"0"	"0"	"-2486"	"8765"	"-20962"	"-1.478"	"0.527"	"-16.551"
"1740471295000019"	"  9.83"	"2025/02/25 14;53;25"	"-179.688"	"-390.625"	"16023.4"	"0"	"0"	"0"	"-2501"	"8754"	"-20894"	"-1.478"	"0.522"	"-16.551"
"1740471295000020"	"  9.83"	"2025/02/25 14;53;25"	"-125"	"-406.25"	"16000"	"0"	"0"	"0"	"-2485"	"8759"	"-20835"	"-1.478"	"0.522"	"-16.551"
"1740471295000021"	"  9.83"	"2025/02/25 14;53;25"	"-148.438"	"-414.062"	"15992.2"	"0"	"0"	"0"	"-2502"	"8761"	"-20886"	"-1.478"	"0.522"	"-16.551"
"1740471295000022"	" 10.09"	"2025/02/25 14;53;25"	"-164.062"	"-367.188"	"15984.4"	"0"	"0"	"0"	"-2498"	"8776"	"-20908"	"-1.478"	"0.522"	"-16.551"
"1740471295000023"	" 10.09"	"2025/02/25 14;53;25"	"-148.438"	"-390.625"	"16023.4"	"0"	"0"	"0"	"-2492"	"8762"	"-20870"	"-1.478"	"0.522"	"-16.551"
"1740471295000024"	" 10.09"	"2025/02/25 14;53;25"	"-93.75"	"-390.625"	"15992.2"	"0"	"0"	"0"	"-2490"	"8760"	"-20901"	"-1.478"	"0.522"	"-16.551"
"1740471295000025"	" 10.09"	"2025/02/25 14;53;25"	"-140.625"	"-398.438"	"16015.6"	"0"	"0"	"0"	"-2499"	"8757"	"-20881"	"-1.478"	"0.516"	"-16.551"
"1740471295000026"	" 10.09"	"2025/02/25 14;53;25"	"-132.812"	"-406.25"	"16023.4"	"0"	"0"	"0"	"-2492"	"8767"	"-20879"	"-1.478"	"0.516"	"-16.551"
"1740471295000027"	" 10.09"	"2025/02/25 14;53;25"	"-140.625"	"-390.625"	"15984.4"	"0"	"0"	"0"	"-2487"	"8756"	"-20953"	"-1.478"	"0.516"	"-16.551"
"1740471295000028"	" 10.09"	"2025/02/25 14;53;26"	"-187.5"	"-468.75"	"15953.1"	"0"	"0"	"0"	"-2491"	"8770"	"-20883"	"-1.478"	"0.516"	"-16.551"
"1740471295000029"	" 10.09"	"2025/02/25 14;53;26"	"-171.875"	"-429.688"	"15968.8"	"0"	"0"	"0"	"-2497"	"8778"	"-20940"	"-1.478"	"0.516"	"-16.551"
"1740471295000030"	" 10.09"	"2025/02/25 14;53;26"	"-109.375"	"-382.812"	"16023.4"	"0"	"0"	"0"	"-2489"	"8770"	"-20943"	"-1.478"	"0.516"	"-16.551"
"1740471295000031"	" 10.09"	"2025/02/25 14;53;26"	"-117.188"	"-421.875"	"16007.8"	"0"	"0"	"0"	"-2489"	"8768"	"-20936"	"-1.478"	"0.516"	"-16.551"
"1740471295000032"	" 10.09"	"2025/02/25 14;53;26"	"-101.562"	"-429.688"	"16007.8"	"0"	"0"	"0"	"-2481"	"8773"	"-20919"	"-1.478"	"0.516"	"-16.551"
"1740471295000033"	" 10.07"	"2025/02/25 14;53;26"	"-132.812"	"-398.438"	"16000"	"0"	"0"	"0"	"-2499"	"8770"	"-20960"	"-1.483"	"0.516"	"-16.551"
"1740471295000034"	" 10.07"	"2025/02/25 14;53;26"	"-140.625"	"-421.875"	"16007.8"	"0"	"0"	"0"	"-2485"	"8776"	"-20942"	"-1.478"	"0.522"	"-16.551"
"1740471295000035"	" 10.07"	"2025/02/25 14;53;26"	"-101.562"	"-398.438"	"15976.6"	"0"	"0"	"0"	"-2493"	"8771"	"-20904"	"-1.478"	"0.522"	"-16.551"
"1740471295000036"	" 10.07"	"2025/02/25 14;53;26"	"-101.562"	"-414.062"	"16007.8"	"0"	"0"	"0"	"-2492"	"8771"	"-20910"	"-1.478"	"0.522"	"-16.551"
"1740471295000037"	" 10.07"	"2025/02/25 14;53;26"	"-125"	"-382.812"	"16015.6"	"-0.122"	"1.465"	"0"	"-2499"	"8780"	"-20922"	"-1.45"	"0.472"	"-16.545"
"1740471295000038"	" 10.07"	"2025/02/25 14;53;27"	"-70.3125"	"-93.75"	"16570.3"	"2.686"	"9.644"	"-5.554"	"-2477"	"8782"	"-20986"	"-1.533"	"0.873"	"-16.567"
"1740471295000039"	" 10.07"	"2025/02/25 14;53;27"	"-1562.5"	"-507.812"	"16093.8"	"1.343"	"41.443"	"-2.136"	"-2213"	"8741"	"-21222"	"-0.868"	"5.889"	"-17.331"
"1740471295000040"	" 10.07"	"2025/02/25 14;53;27"	"-3210.94"	"-320.312"	"16023.4"	"-0.366"	"85.266"	"1.892"	"-1651"	"8728"	"-21608"	"-0.917"	"12.145"	"-17.43"
"1740471295000041"	" 10.07"	"2025/02/25 14;53;27"	"-5851.56"	"-31.25"	"14890.6"	"-1.282"	"92.896"	"4.272"	"-702"	"8775"	"-21971"	"-0.956"	"20.984"	"-17.287"
"1740471295000042"	" 10.07"	"2025/02/25 14;53;27"	"-7960.94"	"-93.75"	"13554.7"	"4.028"	"62.805"	"-5.554"	"328"	"8856"	"-22120"	"-1.478"	"28.339"	"-17.534"
"1740471295000043"	" 10.07"	"2025/02/25 14;53;27"	"-9117.19"	"-46.875"	"12820.3"	"2.686"	"37.72"	"-1.587"	"1075"	"8889"	"-22070"	"-1.472"	"33.206"	"-17.765"
"1740471295000044"	" 10.06"	"2025/02/25 14;53;27"	"-9671.88"	"-742.188"	"12890.6"	"-3.54"	"27.222"	"5.31"	"1523"	"8896"	"-21985"	"-1.45"	"36.134"	"-18.045"
"1740471295000045"	" 10.06"	"2025/02/25 14;53;27"	"-10289.1"	"-312.5"	"12156.2"	"0"	"21.606"	"0.427"	"1855"	"8924"	"-21897"	"-1.483"	"38.156"	"-17.15"
"1740471295000046"	" 10.06"	"2025/02/25 14;53;27"	"-10695.3"	"-148.438"	"11835.9"	"-0.488"	"22.278"	"1.038"	"2094"	"8940"	"-21834"	"-1.478"	"40.232"	"-17.227"
"1740471295000047"	" 10.06"	"2025/02/25 14;53;27"	"-11328.1"	"273.438"	"10601.6"	"-0.183"	"23.071"	"0.61"	"2360"	"8941"	"-21695"	"-1.45"	"43.044"	"-17.271"
"1740471295000048"	" 10.06"	"2025/02/25 14;53;28"	"-11859.4"	"-421.875"	"10304.7"	"0"	"19.592"	"0.549"	"2617"	"8947"	"-21540"	"-1.406"	"45.807"	"-17.584"
"1740471295000049"	" 10.06"	"2025/02/25 14;53;28"	"-11984.4"	"-210.938"	"10367.2"	"0.427"	"-14.587"	"-0.671"	"2763"	"8919"	"-21490"	"-1.373"	"45.989"	"-18.056"
"1740471295000050"	" 10.06"	"2025/02/25 14;53;28"	"-12093.8"	"-390.625"	"9984.38"	"8.118"	"-53.65"	"-9.521"	"2608"	"8910"	"-21603"	"-1.362"	"43.017"	"-18.517"
"1740471295000051"	" 10.06"	"2025/02/25 14;53;28"	"-9320.31"	"-484.375"	"12179.7"	"-10.254"	"-99.854"	"10.376"	"1935"	"8886"	"-21908"	"-1.434"	"34.711"	"-18.484"
"1740471295000052"	" 10.06"	"2025/02/25 14;53;28"	"-5757.81"	"-546.875"	"15414.1"	"13.306"	"-139.526"	"-0.916"	"796"	"8855"	"-22136"	"-1.099"	"23.78"	"-18.386"
"1740471295000053"	" 10.06"	"2025/02/25 14;53;28"	"-2593.75"	"-296.875"	"16312.5"	"1.16"	"-137.268"	"-2.502"	"-714"	"8737"	"-22019"	"-0.945"	"11.426"	"-18.402"
"1740471295000054"	" 10.06"	"2025/02/25 14;53;28"	"-515.625"	"-484.375"	"16031.2"	"-1.526"	"-57.617"	"-1.16"	"-2059"	"8659"	"-21426"	"-1.324"	"2.791"	"-17.853"
"1740471295000055"	" 10.02"	"2025/02/25 14;53;28"	"-226.562"	"-398.438"	"15960.9"	"0.244"	"-0.854"	"-0.183"	"-2597"	"8681"	"-21040"	"-1.434"	"1.511"	"-17.732"
"1740471295000056"	" 10.02"	"2025/02/25 14;53;28"	"-78.125"	"70.3125"	"17296.9"	"-3.54"	"10.498"	"0.916"	"-2696"	"8677"	"-20961"	"-1.478"	"1.538"	"-17.71"
"1740471295000057"	" 10.02"	"2025/02/25 14;53;28"	"-179.688"	"-375"	"15906.2"	"-0.122"	"0"	"0"	"-2714"	"8667"	"-20944"	"-1.472"	"1.401"	"-17.688"
"1740471295000058"	" 10.02"	"2025/02/25 14;53;29"	"-125"	"-429.688"	"16031.2"	"-0.183"	"0.366"	"0"	"-2704"	"8657"	"-20946"	"-1.461"	"1.346"	"-17.672"
"1740471295000059"	" 10.02"	"2025/02/25 14;53;29"	"-156.25"	"-398.438"	"16062.5"	"0"	"-0.305"	"0.122"	"-2711"	"8658"	"-20913"	"-1.467"	"1.302"	"-17.65"
"1740471295000060"	" 10.02"	"2025/02/25 14;53;29"	"-93.75"	"-421.875"	"16023.4"	"0.122"	"-0.122"	"0.061"	"-2707"	"8665"	"-20907"	"-1.461"	"1.258"	"-17.633"
"1740471295000061"	" 10.02"	"2025/02/25 14;53;29"	"-164.062"	"-398.438"	"15992.2"	"-0.061"	"0.122"	"0.061"	"-2711"	"8651"	"-20925"	"-1.461"	"1.219"	"-17.617"
"1740471295000062"	" 10.02"	"2025/02/25 14;53;29"	"-109.375"	"-421.875"	"16039.1"	"0"	"-0.061"	"0"	"-2716"	"8665"	"-20954"	"-1.461"	"1.176"	"-17.6"
"1740471295000063"	" 10.02"	"2025/02/25 14;53;29"	"-125"	"-421.875"	"16000"	"0"	"0"	"0"	"-2706"	"8666"	"-20942"	"-1.461"	"1.137"	"-17.584"
"1740471295000064"	" 10.02"	"2025/02/25 14;53;29"	"-171.875"	"-437.5"	"15960.9"	"0"	"-0.122"	"0"	"-2718"	"8668"	"-20929"	"-1.456"	"1.099"	"-17.573"
"1740471295000065"	" 10.02"	"2025/02/25 14;53;29"	"-125"	"-375"	"15976.6"	"0"	"0.061"	"0"	"-2707"	"8662"	"-20927"	"-1.461"	"1.066"	"-17.562"
"1740471295000066"	" 10.09"	"2025/02/25 14;53;29"	"-132.812"	"-414.062"	"16031.2"	"0.061"	"0"	"0"	"-2714"	"8670"	"-20916"	"-1.456"	"1.033"	"-17.551"
"1740471295000067"	" 10.09"	"2025/02/25 14;53;29"	"-156.25"	"-453.125"	"16031.2"	"0.061"	"0"	"0"	"-2720"	"8662"	"-20944"	"-1.456"	"1.005"	"-17.54"
"1740471295000068"	" 10.09"	"2025/02/25 14;53;29"	"-171.875"	"-437.5"	"16000"	"-0.061"	"0"	"0"	"-2715"	"8665"	"-20945"	"-1.456"	"0.978"	"-17.529"
"1740471295000069"	" 10.09"	"2025/02/25 14;53;30"	"-156.25"	"-453.125"	"16289.1"	"-0.183"	"0.244"	"0"	"-2719"	"8665"	"-20934"	"-1.461"	"0.95"	"-17.518"
"1740471295000070"	" 10.09"	"2025/02/25 14;53;30"	"-156.25"	"-398.438"	"16046.9"	"0.122"	"-0.183"	"0"	"-2717"	"8671"	"-20935"	"-1.456"	"0.928"	"-17.507"
"1740471295000071"	" 10.09"	"2025/02/25 14;53;30"	"-132.812"	"-421.875"	"16007.8"	"0"	"0"	"0"	"-2710"	"8652"	"-20898"	"-1.461"	"0.906"	"-17.501"
"1740471295000072"	" 10.09"	"2025/02/25 14;53;30"	"-117.188"	"-414.062"	"16000"	"0"	"0"	"0"	"-2714"	"8647"	"-20923"	"-1.461"	"0.884"	"-17.49"
"1740471295000073"	" 10.09"	"2025/02/25 14;53;30"	"-148.438"	"-445.312"	"16000"	"-0.122"	"0.061"	"0"	"-2707"	"8642"	"-20951"	"-1.456"	"0.862"	"-17.485"
"1740471295000074"	" 10.09"	"2025/02/25 14;53;30"	"-125"	"-414.062"	"16015.6"	"0.061"	"-0.122"	"0"	"-2709"	"8655"	"-20945"	"-1.456"	"0.846"	"-17.474"
"1740471295000075"	" 10.09"	"2025/02/25 14;53;30"	"-148.438"	"-375"	"15984.4"	"-0.061"	"0"	"0"	"-2694"	"8661"	"-20912"	"-1.456"	"0.824"	"-17.468"
"1740471295000076"	" 10.09"	"2025/02/25 14;53;30"	"-125"	"-398.438"	"16054.7"	"0.122"	"-0.061"	"0"	"-2715"	"8668"	"-20960"	"-1.456"	"0.807"	"-17.463"
"1740471295000077"	" 10.07"	"2025/02/25 14;53;30"	"-93.75"	"-390.625"	"15984.4"	"0.122"	"0"	"0"	"-2717"	"8659"	"-20976"	"-1.456"	"0.786"	"-17.457"
"1740471295000078"	" 10.07"	"2025/02/25 14;53;30"	"-187.5"	"-406.25"	"16023.4"	"0.061"	"0"	"0"	"-2708"	"8667"	"-20951"	"-1.456"	"0.769"	"-17.452"
"1740471295000079"	" 10.07"	"2025/02/25 14;53;31"	"-210.938"	"-398.438"	"16007.8"	"0"	"-0.122"	"0"	"-2715"	"8661"	"-20948"	"-1.456"	"0.753"	"-17.446"
"1740471295000080"	" 10.07"	"2025/02/25 14;53;31"	"-148.438"	"-414.062"	"16015.6"	"0"	"0"	"0"	"-2705"	"8662"	"-20926"	"-1.456"	"0.736"	"-17.441"
"1740471295000081"	" 10.07"	"2025/02/25 14;53;31"	"-187.5"	"-382.812"	"16000"	"0"	"0"	"0"	"-2707"	"8659"	"-20956"	"-1.456"	"0.725"	"-17.435"
"1740471295000082"	" 10.07"	"2025/02/25 14;53;31"	"-125"	"-429.688"	"16007.8"	"0.122"	"0"	"0"	"-2703"	"8680"	"-20935"	"-1.456"	"0.709"	"-17.43"
"1740471295000083"	" 10.07"	"2025/02/25 14;53;31"	"-140.625"	"-406.25"	"16039.1"	"0.061"	"-0.061"	"0"	"-2707"	"8669"	"-20921"	"-1.45"	"0.698"	"-17.424"
"1740471295000084"	" 10.07"	"2025/02/25 14;53;31"	"-140.625"	"-390.625"	"16015.6"	"0.061"	"-0.061"	"0"	"-2714"	"8671"	"-20977"	"-1.45"	"0.687"	"-17.424"
"1740471295000085"	" 10.07"	"2025/02/25 14;53;31"	"-148.438"	"-437.5"	"15992.2"	"0"	"0.061"	"0"	"-2710"	"8680"	"-20894"	"-1.456"	"0.676"	"-17.419"
"1740471295000086"	" 10.07"	"2025/02/25 14;53;31"	"-109.375"	"-382.812"	"16015.6"	"0.061"	"0.061"	"0"	"-2721"	"8662"	"-20927"	"-1.45"	"0.67"	"-17.413"
"1740471295000087"	" 10.07"	"2025/02/25 14;53;31"	"-156.25"	"-414.062"	"15984.4"	"0"	"-0.061"	"0"	"-2699"	"8662"	"-20958"	"-1.45"	"0.659"	"-17.413"
"1740471295000088"	" 10.03"	"2025/02/25 14;53;31"	"-179.688"	"-406.25"	"16015.6"	"0"	"0.061"	"0"	"-2708"	"8654"	"-20961"	"-1.45"	"0.648"	"-17.408"
