x,y,z
-4.4694,7.5272,-25.069
-4.3056,16.538,-33.82
-3.2754,-18.806,-25.565
-4.3818,-18.922,-25.261
-8.0075,-11.049,-31.03
-6.2059,-19.886,-15.805
-8.6022,-32.045,-14.908
-6.2069,-35.69,-11.707
-6.6997,-32.845,-5.4217
-6.0439,-30.797,7.8318
-4.7151,-15.219,-1.7156
-6.2236,-14.204,8.6402
-0.14273,-2.0914,10.263
1.6546,11.834,-2.1784
2.6357,25.636,-8.769
-1.3762,38.654,-9.6896
3.3424,30.598,-18.134
5.8277,33.872,-17.85
3.1422,21.134,-2.2149
6.9769,21.104,-21.921
5.4257,24.989,-17.159
4.6399,18.327,-6.0143
-12.053,14.679,0.94263
-13.107,8.4899,-2.4199
-8.9302,15.261,5.149
-8.8511,11.01,3.4708
2.9187,14.303,-9.9603
-0.4182,10.653,0.48639
-3.8665,5.7417,-7.9671
-0.87893,10.473,-16.423
11.882,8.7475,-23.886
13.98,11.983,-15.538
17.217,5.5857,-19.027
17.438,4.5104,-22.419
13.496,3.6951,-8.3043
4.8986,-14.193,-12.517
2.4126,-21.201,-18.408
6.2741,-18.986,-1.8844
2.168,-15.597,14.428
1.0944,-25.929,9.7368
-2.6654,-31.231,19.379
-2.4887,-25.139,12.432
-8.8656,-30.566,7.4527
0.61957,-12.712,13.572
0.34556,-21.504,22.821
-5.7082,-28.24,6.6993
-5.3606,-25.731,0.73674
-0.53127,-23.841,5.3255
-0.53331,-18.093,0.15099
-1.5709,-19.559,16.261
0.81232,-10.545,15.768
-2.7266,-8.5664,18.154
0.26576,-1.835,8.6039
-0.23941,-5.791,15.871
3.9802,-6.4287,18.464
-0.8127,-3.9514,16.865
4.0069,-4.7993,5.3299
9.1685,-6.6155,-4.3153
12.863,-5.6803,2.054
11.684,3.5953,5.5174
7.6079,-1.3916,21.926
7.3549,16.858,13.562
1.6392,7.6669,4.0973
10.652,-18.809,12.016
4.8945,-15.474,27.422
-8.3102,-8.1391,26.585
-7.3627,-8.0353,15.648
-2.1067,-15.522,13.597
3.3291,-13.44,21.077
1.9655,-6.3076,23.948
5.5134,-2.2681,35.389
-11.655,44.682,21.133
-6.4502,34.826,20.867
-0.39433,27.549,22.578
-3.089,18.518,27.057
-1.3252,13.147,12.934
-7.0332,9.599,-4.3869
-12.659,4.7257,-6.4782
-10.158,2.6625,-9.4502
-0.23572,-20.112,-8.4274
-3.2567,-8.8998,-2.3604
-4.6815,-6.5767,-7.1322
0.86889,10.123,-11.109
-0.49791,21.865,5.6953
2.6486,24.325,8.981
14.334,17.766,7.6043
11.057,12.018,2.7163
6.3436,7.8757,13.15
5.691,4.9716,0.10982
13.157,-10.523,-2.8784
1.6011,-20.371,1.867
-1.4218,-17.041,-0.6127
-7.2198,-13.92,-18.818
-9.1811,-13.569,-12.136
-10.349,-9.4313,-17.795
-1.5932,-3.875,-16.683
-5.2435,-11.628,-21.846
-10.499,-4.489,-10.987
-6.0439,20.554,-12.474
-6.8336,30.621,-8.1956
-2.8066,33.977,5.6448
-3.4018,43.027,1.4379
-3.7246,40.361,18.764
2.9047,13.611,17.285
2.0218,18.36,25.23
5.5377,18.478,21.748
7.566,20.122,19.248
6.8057,3.0464,14.17
3.0498,-5.2054,4.296
5.476,-13.41,2.0054
-13.469,-11.257,-2.4402
-21.877,6.6437,-0.11532
-10.582,2.2424,-0.99421
-11.181,1.7542,2.192
-10.394,-0.50756,8.3706
-3.8288,3.941,8.5678
1.9192,-3.3769,17.23
2.8638,-3.0309,20.011
14.381,32.321,18.994
19.69,20.277,1.8789
13.793,9.7464,3.1524
8.6289,4.9358,-2.6351
8.6107,-0.77179,-11.803
-0.5661,-5.4469,-13.816
-3.3031,1.5862,-20.771
-13.04,2.1888,-30.622
3.0161,-23.722,-39.197
-3.1453,-38.59,-37.345
-4.5861,-31.122,-37.329
2.8619,-15.697,-32.013
4.9514,2.0558,-17.57
5.3287,0.77261,-16.476
9.1769,-1.7653,-3.734
9.7646,-3.0434,-3.8315
-21.086,-12.522,-0.8599
-12.845,9.4011,14.702
-10.79,17.29,13.93
-12.516,23.333,6.3785
-6.9385,21.7,0.24072
-9.9565,6.9734,0.63736
-10.22,-0.53882,-0.26261
-4.8582,-5.3192,10.281
18.033,6.9692,13.146
15.504,-1.2896,4.9683
12.214,-4.3585,9.9252
12.588,-2.5395,17.374
2.4308,-10.792,5.4143
6.5403,-6.7713,0.63724
4.4603,-9.2878,-13.301
3.0325,-15.934,-26.038
12.447,-9.0012,-21.452
3.4233,-0.53102,-14.014
-0.42393,-0.2149,-8.6496
-4.9679,1.6626,-13.234
-3.8483,21.051,1.1981
-7.8806,18.809,-4.1758
14.406,25.493,-6.9264
3.4895,27.823,-10.232
-6.1262,15.548,-44.178
-11.728,13.452,-58.31
-4.9136,20.441,-82.575
-2.1364,9.8679,-78.485
0.23384,-3.1237,-83.254
9.801,-1.3928,-64.337
-12.018,-12.095,-47.441
0.66492,-9.1651,-4.4308
-1.3998,-3.7011,33.876
8.3946,-10.987,52.989
0.39705,-4.414,51.374
-1.152,-7.3605,51.672
5.7883,-1.8662,59.739
8.2216,-12.178,46.706
18.405,-26.99,43.05
14.312,-29.515,22.359
1.705,-29.78,6.7327
6.1726,-22.738,-3.8976
7.0863,-20.596,0.98974
4.2991,-22.653,-12.627
-5.5224,-19.493,-32.636
-6.1101,-1.8519,-34.842
-14.041,20.844,-33.823
-15.515,27.069,-39.596
5.5317,28.525,-31.808
-1.6249,40.326,-33.127
-1.1882,43.307,-22.978
5.8911,57.182,-1.217
11.184,48.65,12.341
7.0622,38.388,10.656
9.2119,42.389,-8.0607
7.7675,51.568,-12.663
-2.2589,43.065,-17.545
8.4833,37.239,-10.847
4.3868,20.26,1.2993
0.57046,1.1358,-14.24
4.8967,2.0627,-35.216
-5.3185,-12.195,-29.792
-3.5669,-43.637,-18.598
8.6917,-43.916,0.34525
8.0236,-42.429,6.4271
-3.2416,-38.974,1.6408
12.589,-31.39,1.7939
-4.0542,-37.106,3.8564
-6.4364,-45.025,37.254
-6.5333,-33.598,20.376
-12.988,8.4269,7.7565
-21.87,-18.845,-7.3578
14.127,2.9084,-8.2233
11.591,14.69,-2.4631
-23.414,-49.48,106.96
76.438,43.794,100.48
72.875,27.985,36.264
36.716,43.575,44.976
-6.9925,15.27,49.963
11.66,14.224,43.977
-30.333,-2.6922,56.244
-26.515,-5.2626,62.849
19.277,46.902,-40.339
-29.616,-17.294,-49.901
-81.576,-9.3591,-2.8378
-66.886,-46.748,12.484
-32.894,-23.287,-11.398
-48.549,-8.32,-24.818
-29.305,-13.019,-26.329
-15.944,-11.478,-32.957
-34.179,-19.409,-88.92
-72.843,-40.65,-87.78
-2.5574,11.424,-28.162
33.563,36.291,-40.856
46.48,21.616,-4.8
45.802,28.412,29.759
53.127,16.05,-34.35
35.849,11.505,19.765
32.036,35.265,37.314
33.654,26.501,48.954
13.637,-21.075,4.6284
14.866,-22.207,51.181
-129.22,-264.39,37.383
-223.71,-211.78,12.213
-21.035,61.656,585.21
-2.0728,-0.18002,536.69
-250.22,-204.41,1147.6
-359.16,-303.25,632.39
-753.29,-486.29,1090.8
-1179.5,-454.13,691.15
-1158.8,834.35,394.43
-1684,88.421,2686.3
-585.15,-1916.2,-3588.1
-1343.4,-1606.5,-2872.9
-856.87,-819.56,-3182
-1569,-844.77,-2724.4
-1166.1,-438.9,-2897.8
-1108.9,-237.81,-2480.7
-1072.3,-1250.8,-2461.4
29.7,-508.95,-4361.3
-3530.4,582.19,260.15
-2077.5,211.82,188.95
-1794.2,-758.41,20.095
-905.97,-676.79,114.02
-383.85,-820.72,-113.42
-93.871,-1253.7,-199.48
125.9,-1150.6,-150.77
700.07,-1009.8,-34.02
928.26,-900.29,-94.66
994.04,-638.4,-448.29
1364.4,-369.42,-741.78
1356.2,-385.61,-1084.8
1227.1,-411.33,-1070.4
1303.9,-262.43,-1181.6
1046.4,-494.12,-1417.5
770.61,-471.92,-1484.4
718.32,-331.05,-1570.8
545.05,-346.39,-1399.3
463.75,-208.6,-1092.6
418.97,-160.59,-725.34
531.39,-92.112,-642.33
458.62,256.98,-870.15
673.9,616.72,-941.73
859.18,772.4,-1418.1
819.45,787.07,-1804.6
831.44,820.87,-2159.3
829.25,876.34,-2344.5
807.52,662.52,-2594.8
521.23,648.54,-2987.3
343.75,379.46,-3040.6
357.38,152.99,-2953.4
-152.42,-7.3176,-2599.6
-213.43,-33.049,-2508.3
-295.08,-123.32,-2384.7
-150.82,23.597,-2098.7
-286.68,232.28,-1622.5
-58.233,271.49,-1130
265.12,421.87,-880.44
282.45,223.9,-634.95
751.07,178.93,-656.46
890.37,-118.64,-93.179
943.79,-82.052,147.04
626.5,-408.11,418.29
619.26,-494.26,468.11
444.05,-653.49,505.84
144.12,-768.47,610.7
33.815,-238.83,263.13
-58.683,59.041,89.292
69.007,325.77,-115.75
62.591,516.39,8.09
130.64,486.5,147.79
44.8,505.15,167.28
172.3,614.59,101.19
228.18,746.45,160.45
1.331,657.97,608.51
-128.41,368.43,1084.8
-367.28,176.31,1394.6
-227.61,-163.78,1632.9
-288.69,-132.43,1746.5
-213.62,-97.178,1604
-256.27,-80.814,1641.4
-357.57,-50.586,1646.2
-126.11,-173,1507.6
110.39,-320.72,700.99
171.03,166.18,345.51
222,569.87,-66.175
-351.49,628.41,367.18
-345.39,884.63,402.66
-260.65,904.16,384.26
-211.06,942.83,322.42
-172.87,1150.3,333.15
-259.32,1587.1,794.52
-299.45,1294.6,858.26
-371.63,1183,897.3
180.73,1156,101.62
404.46,1127.6,-1.6079
123.81,957.8,2.459
163.64,910.49,15.787
112.38,796.92,5.7506
80.975,765.14,-37.215
225.92,856.09,-49.108
80.463,757.85,-28.428
120.92,838.22,-55.38
-188.05,620.81,-54.523
23.67,712.06,-73.941
29.164,656.13,-77.497
8.5418,591.85,-82.327
-40.17,494.15,-51.631
-140.5,384.16,-59.138
-58.083,393.38,-56.96
-100.45,267.17,-30.302
8.7829,300.47,-12.897
25.923,284.08,2.4178
42.024,287.29,6.4315
21.018,268.59,12.439
52.507,278.1,3.2783
30.434,247.41,21.526
17.052,228.72,23.112
-21.076,187.78,8.2468
-23.506,173.88,5.0639
-9.3182,174.86,0.47351
-14.244,156.78,-8.3731
-15.79,161.62,-18.398
-16.234,155.44,-13.196
-14.698,145.82,-28.084
-18.712,139.83,-34.453
-7.1372,135.44,-48.766
-2.126,123.4,-39.642
-0.74969,112.24,-28.44
7.1542,101.7,-20.629
8.4469,91.46,-21.582
6.6353,83.94,-18.462
7.2034,78.847,-24.535
10.866,79.427,-24.971
6.2368,81.872,-22.086
-16.543,64.727,-0.53164
-39.773,234.34,30.548
-15.825,210.73,31.784
96.927,235.29,30.225
-8.0026,136.23,62.131
39.569,139.73,69.704
24.06,93.221,16.877
22.643,60.623,37.533
47.992,58.24,14.428
72.326,-124.55,-20.112
31.111,-114.01,-41.781
-58.964,-151.18,-10.72
31.706,-94.863,-54.827
-25.324,-124.17,-45.524
-8.3259,-106.18,12.448
-16.078,-92.625,8.3466
-12.653,-75.639,20.574
-16.107,-75.178,7.4585
-12.383,-67.786,40.016
-31.632,-71.153,16.041
-13.684,-42.739,48.454
-8.293,-16.07,28.942
-13.25,-11.856,10.307
-6.7361,-7.3178,-4.9321
-10.177,10.185,-5.8082
-9.9533,16.56,-10.737
-6.1309,11.33,-9.5884
-12.34,7.2764,-3.0175
-10.433,6.6777,-20.929
0.47796,1.3382,-9.1745
3.8102,-16.994,1.6031
5.9072,-32.846,4.5612
11.703,-36.487,21.434
7.1325,-16.595,31.512
7.9885,-22.319,22.227
14.492,-1.3531,21.647
9.0085,-5.1679,9.6983
5.4782,-13.426,13.685
-4.4287,17.576,5.6735
-1.5909,25.177,7.5486
-4.3087,20.679,-25.09
-1.1064,7.8403,-10.355
5.8074,-5.5316,-12.699
1.0384,-10.687,-6.6118
6.853,10.566,8.8875
-2.3233,12.127,4.2777
19.73,11.666,14.155
10.052,7.9475,3.3949
7.3257,-1.3142,24.21
3.7436,-19.512,17.468
-1.2556,-25.102,16.666
-1.7605,-45.654,9.5617
-3.0858,-61.717,-3.3118
10.804,-70.386,-0.80256
2.4868,-80.069,-15.202
8.9496,-54.564,-4.3592
13.904,-37.052,-28.637
12.824,-21.117,-42.817
12.094,-8.7634,-38.031
8.646,-13.23,-37.726
6.184,11.29,-34.664
-3.8041,27.478,-23.271
-12.429,6.0558,-18.487
-6.6085,17.228,-19.509
-8.0478,3.3437,-6.2353
-0.93374,-6.8209,-1.376
0.42351,-13.286,-7.3271
3.1345,-19.284,0.70552
4.9942,-14.483,3.4775
1.4173,-16.058,-2.3348
5.9471,-11.575,4.3425
1.0352,-3.6369,-0.68724
-0.94024,-7.6864,-9.4958
1.9066,-15.301,-15.357
-3.034,-20.72,-7.8564
-0.63857,-13.913,-17.012
0.39902,-18.22,-11.829
13.948,5.8302,-18.491
4.9013,17.501,-29.111
3.5946,23.919,-19.031
3.6014,23.075,-20.884
-2.3278,29.694,-13.707
0.70144,30.139,-8.0302
4.5433,24.362,-9.2057
7.9889,26.943,-18.61
-0.56618,13.776,-14.32
5.9223,-21.871,0.52917
33.026,4.9393,-2.1399
37.419,25.895,27.973
32.922,12.433,9.8792
31.949,16.827,-7.3498
22.63,16.964,-8.1066
18.367,3.5408,13.985
18.839,5.2949,2.9369
16.241,20.699,-2.4058
-11.353,6.1369,-7.7933
-15.514,-10.933,-28.235
-11.681,-14.443,-11.232
-5.414,-17.142,-0.36443
-6.5885,-37.06,-1.3054
-13.018,-57.175,-11.719
-7.7351,-58.832,12.135
-4.7069,-44.246,12.294
-4.7539,-24.148,12.234
1.0246,-20.088,1.121
8.7952,-43.245,-15.069
7.4125,-31.916,-20.941
11.986,-23.472,-21.154
23.751,-27.745,-21.903
19.552,-29.132,-47.985
14.126,-28.926,-51.945
14.862,-30.209,-50.684
7.2773,-20.712,-26.38
-1.7356,-3.1266,-25.266
-0.097369,0.99827,-11.312
-1.3734,1.4404,-7.1718
-4.1775,9.1558,-16.184
-4.9689,7.9826,1.9472
5.0137,0.84646,3.7112
8.6603,7.3138,-5.6767
6.6549,-6.463,-7.6429
13.627,-2.5,15.015
12.784,-6.7606,9.1348
11.726,-1.9393,15.038
7.316,-8.5682,9.3845
8.6064,-0.72726,-2.5088
2.441,9.6436,-8.2752
-6.2616,11.366,-13.721
-1.7253,18.056,-19.932
-6.7407,40,-32.655
-10.083,54.306,-38.477
-3.6834,24.613,-49.545
3.618,4.5678,-45.727
6.7481,-3.4087,-30.933
5.6247,-8.9614,-32.94
19.787,11.846,-21.762
10.003,22.147,-18.506
18.053,2.6961,-20.877
15.855,-4.9415,-21.985
14.32,-13.574,-17.966
9.0453,4.9013,-13.825
2.5486,15.293,-16.602
-0.40931,18.852,-7.6066
-6.8758,11.955,-1.1107
-1.7269,11.913,-2.2775
-7.5786,-5.852,-6.8223
-5.1321,-9.1622,-11.941
-9.6053,-9.2088,-27.766
-2.6923,-11.599,-25.984
-1.3219,-12.187,-28.018
8.5998,-2.2502,-18.383
12.797,-7.8209,-25.661
6.6593,-12.186,-33.438
15.396,-9.2978,-33.023
14.164,-14.584,-30.004
5.4335,13.996,-12.058
3.258,14.239,-10.843
-1.9191,19.465,-9.65
1.5597,2.3803,-15.61
0.73367,11.746,-21.631
16.009,18.472,-18.447
10.703,25.929,-6.4953
6.5752,21.151,-10.28
13.985,2.2434,-20.186
8.5246,-6.8119,-21.066
15.658,-21.1,-6.2542
4.4525,-29.412,-18.689
5.6232,-52.5,-7.7301
-1.0177,-64.756,-9.4208
-8.2306,-70.409,-4.9925
-5.2559,-63.587,7.8149
-6.349,-45.246,17.117
-3.3906,-12.032,13.948
-9.235,-0.76216,-6.5966
-4.1877,15.235,-6.887
-10.765,0.47966,-5.2909
-11.117,3.8315,-6.9491
-6.4139,21.207,-13.743
1.3354,27.659,-15.689
3.682,15.836,-29.711
3.0155,6.0851,-29.52
16.752,8.111,-31.365
14.459,2.2953,-32.33
14.846,6.8048,-29.669
15.722,-18.811,-35.794
10.934,-41.818,-35.819
8.9882,-47.25,-47.109
8.3757,-58.232,-35.124
7.0179,-58.845,-24.235
-1.0445,-58.002,-25.957
0.80385,-56.281,-16.048
2.2974,-54.496,-18.129
-4.7545,-52.916,-16.756
3.1918,-53.339,-17.981
5.6031,-58.566,-20.864
10.116,-52.679,-17.122
11.378,-51.775,-41.191
17.328,-74.917,-42.841
19.715,-71.01,-39.957
14.874,-59.35,-39.976
15.225,-49.345,-40.231
14.418,-48.136,-36.232
11.192,-42.875,-25.242
5.1696,-22.705,-19.877
4.5469,-11.215,-4.7283
-7.2965,35.504,7.0687
-13.277,47.402,-4.6569
-6.8809,39.887,-0.43619
0.34295,39.914,7.3875
3.0486,41.918,6.2507
4.1286,39.882,11.251
9.8628,48.52,-2.3505
15.271,52.615,-3.9077
23.2,47.695,-10.391
19.356,38.327,-2.2146
24.224,28.148,-8.7429
19.51,21.033,-7.8466
8.6796,17.328,1.3915
3.7057,13.988,-16.509
5.0897,17.807,-10.425
-10.936,15.756,-17.066
-15.805,-8.7943,-17.661
-11.643,20.171,-32.904
-19.005,28.544,-25.306
-12.636,29.901,-31.231
-5.5749,30.341,-34.301
2.0801,35.214,-8.6326
-4.2062,39.812,-11.429
9.7436,28.663,-11.753
9.1469,26.834,0.2769
6.781,19.938,6.5354
11.703,21.272,-3.7744
7.3446,25.004,14.254
7.4214,20.55,12.297
2.5787,18.284,3.5327
5.2334,18.684,11.395
5.1246,7.3322,17.693
8.913,7.7094,17.512
16.034,5.6035,21.183
15.531,1.7123,27.209
17.402,1.5646,25.022
10.807,9.6664,20.979
10.119,1.2704,16.151
9.8069,-10.939,2.4661
11.513,-21.012,3.3091
-3.1414,-10.496,-12.527
-2.5232,-9.2307,-3.6503
-1.9277,-19.371,-5.436
-1.5283,-21.77,-7.3396
0.89598,-28.121,-13.208
-0.63622,-19.24,-11.268
-5.1238,-37.063,-6.0738
-5.7282,-51.614,-10.879
15.556,-72.233,-6.4418
16.336,-57.494,5.699
15.297,-30.281,1.3269
11.742,-26.034,-7.528
11.825,-20.282,-5.6156
14.038,-8.061,-17.679
15.191,-0.25606,-19.766
7.8006,-14.757,-8.5361
18.179,-17.52,-7.623
9.7429,-29.077,-24.509
7.4824,-41.978,-20.38
-2.0977,-46.224,-20.953
3.4422,-50.982,-17.058
3.8192,-45.925,-19.17
4.2622,-16.831,-11.318
13.347,-6.7908,-16.7
-7.7558,-21.081,-18.168
-2.34,-8.3083,-14.41
-1.3831,12.841,-30.508
9.5177,15.657,-40.803
8.6026,27.977,-49.033
16.237,33.886,-42.584
13.471,33.074,-60.575
-0.038885,31.157,-69.994
6.2334,31.965,-73.297
5.7857,20.064,-72.974
-7.0452,-10.831,-66.047
0.86235,-15.768,-61.455
1.7925,-36.366,-65.447
-7.6121,-38.06,-58.818
-3.0453,-45.727,-41.986
5.4234,-26.231,-34.385
0.89004,-20.813,-31.059
-7.7163,-16.545,-39.536
7.3348,-0.94971,-35.467
1.5244,-3.4173,-25.12
-2.1732,-3.283,-24.889
5.566,-8.8844,-15.987
8.1765,-19.405,-19.758
5.7714,-0.96109,-16.743
6.6438,16.329,-15.069
10.653,12.2,-5.4468
2.2331,-0.99165,-1.914
1.1175,-7.4682,-7.7265
6.0767,14.272,-7.9843
6.8229,10.57,-18.253
6.798,11.937,-30.562
13.163,1.8442,-30.795
16.296,-20.576,-30.874
18.716,-17.326,-41.09
23.065,-13.058,-45.49
21.015,-19.299,-36.977
13.059,-34.974,-28.728
6.6075,-45.648,-24.42
5.1165,-24.855,-15.373
-5.6853,-10.886,-6.9196
-4.5605,-6.9731,-10.764
0.46791,4.3703,-5.697
-1.6169,13.21,-1.4683
-0.002031,41.562,-27.547
3.8807,38.116,-36.752
2.5969,38.586,-40.839
-5.5844,16.759,-41.28
0.55397,5.3725,-48.444
-0.74743,4.4888,-41.495
8.2615,-37.343,-35.419
14.379,-49.518,-36.773
13.741,-48.066,-15.405
10.259,-36.475,-8.2936
9.5553,-17.842,-1.2102
20.587,1.079,6.0321
16.326,4.8481,-5.8713
13.59,7.5372,-6.8313
-1.1136,52.7,-22.018
-2.394,60.684,-16.904
-4.6065,46.413,-15.78
-2.6973,19.872,-2.6614
-3.5013,9.9509,-9.6937
-5.6609,-5.186,-3.3407
-5.9168,-10.323,17.823
-4.0907,-38.69,15.958
0.039158,-43.344,24.621
-0.918,-47.809,22.61
-6.0435,-27.252,14.867
-2.0522,-17.033,19.803
4.2527,-17.868,16.765
3.0024,-13.434,1.8331
3.1951,8.9249,-17.352
2.1644,13.314,-25.562
2.6689,-21.308,-31.323
-2.7739,-9.693,-23.126
-2.4903,-1.7228,-15.159
-8.6777,12.545,-22.768
-6.1193,19.033,-19.713
-2.4197,11.133,-24.789
5.2585,12.671,-17.288
6.2563,5.3151,-4.2649
5.584,38.339,-2.3248
10.606,21.641,-9.5805
17.533,3.6905,-8.7824
18.504,-3.4821,-11.934
17.492,0.21106,1.7767
12.976,-23.542,-0.17781
7.9159,-48.687,1.2309
8.1792,-54.437,-2.8351
7.8727,-49.233,-4.0417
8.8441,-53.794,6.971
8.8315,-33.452,6.0371
12.899,-13.101,-0.36222
2.0498,-1.6245,-14.67
7.3294,15.096,-3.9849
7.6108,46.083,0.84512
3.0704,54.488,-13.803
8.7306,54.769,3.1865
4.1943,57.972,-12.63
5.7189,41.701,-20.77
0.75,15.335,-11.49
6.6755,14.904,-4.8078
2.3999,-7.0195,-17.446
2.5097,-15.783,-14.414
8.2001,-15.681,3.2067
1.2367,-13.95,-6.6559
8.8747,-16.438,7.017
13.17,-21.994,14.912
14.549,-24.029,9.8217
8.1049,-21.572,0.95564
7.6156,-20.168,0.90954
12.167,-9.4544,-8.2373
10.637,0.47717,-8.28
-9.5383,5.272,-8.7689
-11.506,15.446,-17.653
-16.044,21.155,-23.358
-15.052,19.284,-21.111
-4.9598,-3.365,-14.332
-3.5259,-11.996,4.6054
-11.881,-38.057,8.2302
-14.174,-34.35,0.50013
6.5884,-63.055,10.122
8.8562,-47.744,8.1409
11.087,-45.332,19.669
12.091,-52.703,8.5558
1.888,-57.568,4.0354
2.3465,-53.91,3.9593
-2.2182,-14.366,-0.83046
3.233,11.513,9.8247
4.8044,29.087,-4.4786
1.2282,34.825,4.6448
8.0128,14.998,1.6066
10.828,15.572,26.263
12.829,22.945,35.108
12.309,13.537,36.055
20.258,9.9982,42.503
13.674,4.9144,23.639
18.531,-2.1387,39.432
13.615,-3.5502,34.512
0.47715,1.7735,29.868
2.2738,-2.0227,18.879
8.0272,-1.3457,9.5811
8.7438,-7.6383,6.6618
11.895,3.3255,1.542
8.1585,6.7141,14.791
1.7057,13.352,10.013
4.5499,11.883,8.0207
11.619,8.899,0.8134
5.7875,9.7233,2.0257
0.33076,14.093,12.139
-1.3193,19.89,3.0571
-8.1769,11.094,6.2823
-3.9916,-4.6535,2.3804
-10.571,-17.702,-7.9863
-11.03,-21.032,-7.7477
-10.867,-38.476,3.304
-9.8139,-30.726,-21.539
-3.9084,-45.929,-30.698
-6.7689,-55.007,-32.445
-3.461,-31.229,-30.586
0.80887,-20.409,-20.702
7.9617,-10.193,-27.134
7.3836,-0.37862,-33.344
2.6105,-3.924,-37.029
5.4773,2.8099,-15.314
-0.96042,2.8897,-15.038
6.6047,1.0983,-12.317
7.3043,-3.6568,-27.268
2.6909,-1.5979,-47.107
0.29484,5.1648,-35.15
1.9305,2.6195,-32.154
1.903,-2.0194,-34.021
-0.35398,-11.872,-36.798
-2.1252,-17.76,-32.575
-2.9424,-19.226,-27.434
-2.7417,-40.864,-17.124
5.9294,-40.506,-12.629
5.4477,-52.449,-18.389
11.947,-41.456,-15.349
13.881,-22.294,-12.588
13.389,-9.8451,-17.755
17.873,-4.5054,-16.08
17.443,-7.2438,-13.047
24.602,2.7769,-18.777
11.063,11.805,-11.204
7.3881,22.552,-4.1751
3.559,30.297,-11.178
2.5828,16.512,-13.077
4.7127,9.2521,-7.1741
8.9101,4.3853,-12.399
8.1124,20.514,-20.621
2.7371,20.508,-18.265
10.836,12.224,-19.714
13.353,25.921,-28.164
8.8631,30.39,-32.124
12.926,34.321,-31.486
4.8907,9.1229,-36.854
2.7246,3.9359,-44.801
-3.3578,-5.1783,-29.325
-9.3894,-7.769,-31.905
-0.51518,-7.8591,-41.198
6.5719,-13.093,-37.342
14.474,-23.427,-31.823
7.3244,-26.357,-29.341
15.619,-17.491,-22.876
8.9591,-23.648,-8.4099
5.0406,-15.367,-5.4081
9.4902,-12.713,-8.672
-0.79146,-12.662,4.8032
-5.2807,-11.776,8.1247
-11.922,2.54,4.5652
-6.4434,20.383,-3.8149
-2.3488,28.201,3.9605
5.0156,33.208,-2.4812
11.977,29.971,-11.79
12.996,28.82,-11.93
15.79,25.043,-22.107
16.071,23.254,-21.252
27.144,1.5034,-10.31
25.165,-1.8335,-7.2762
14.332,-1.786,-22.919
12.313,-0.20838,-26.922
8.9418,0.44567,-32.833
4.9771,-4.3949,-25.527
-0.33186,-15.898,-17.287
-4.8749,-26.195,-8.9004
-17.444,-6.3189,-14.843
-15.027,-6.3372,-25.849
-14.161,-13.996,-14.528
-12.606,-12.28,-12.456
-4.9784,-38.022,16.474
-2.0171,-47.93,33.389
3.3933,-51.851,20.12
8.6449,-48.182,5.6957
9.1612,-50.198,4.6407
9.7597,-50.249,9.5864
11.469,-48.45,1.4139
15.651,-49.037,-1.821
15.212,-19.683,-19.042
16.457,-4.3878,-40.275
16.077,4.6918,-23.427
14.028,9.3235,-20.482
15.544,22.764,-15.63
11.972,16.26,-15.505
12.166,18.778,-0.74289
8.3694,22.327,4.1658
7.8527,23.272,-9.9918
6.5515,21.911,-13.03
4.5484,28.926,-23.9
0.82705,22.031,-26.381
6.4933,27.827,-10.616
2.3842,27.935,-7.3568
2.3998,29.548,-17.344
2.1883,24.149,-27.153
5.0405,22.729,-19.203
4.6767,18.366,-23.064
0.0096163,13.447,-11.672
7.8013,-1.0771,-10.165
5.2501,-6.1975,-32.324
7.9926,5.6692,-21.458
6.5742,-10.223,-14.395
7.5949,-17.224,2.4874
5.109,-23.048,-7.4303
3.8225,-21.319,6.5181
6.5687,0.73964,2.3375
-0.41027,7.0342,3.7776
-2.7412,8.623,26.114
3.829,9.494,4.9612
1.3889,6.8831,-5.7611
0.70672,4.4594,-19.565
-1.5762,6.1154,-8.3912
3.6312,13.421,-19.777
5.504,15.618,-20.954
9.6413,8.9852,-25.393
9.2167,-6.7489,-50.301
5.0625,-8.7786,-36.232
13.731,-12.005,-33.64
15.011,-17.171,-23.713
12.105,-19.476,-22.64
9.6807,-27.534,-22.352
7.1706,-22.328,-21.347
2.1189,-20.014,-35.154
5.4614,-18.191,-28.287
9.1602,-19.603,-41.407
-1.8756,-11.733,-37.094
-3.7749,-6.6499,-45.07
-6.3639,-9.4071,-51.789
-5.4439,-24.534,-58.88
0.26601,-29.85,-56.888
6.4049,-41.473,-57.142
-4.1559,-43.183,-51.744
-8.1854,-39.739,-39.587
3.9197,-41.625,-39.033
4.5181,-44.445,-48.991
14.135,-27.822,-47.48
3.8256,-27.548,-34.834
0.7644,-34.904,-59.648
-0.66992,-6.1128,-39.378
9.8361,12.193,-44.809
11.143,19.373,-40.82
4.3455,20.247,-55.404
0.064359,26.91,-37.242
-0.044324,30.004,-27.25
5.3925,40.43,-41.823
7.0172,43.916,-28.104
3.4287,37.96,-35.912
0.024616,36.298,-53.795
-0.68358,25.776,-58.47
9.4204,10.027,-54.832
16.449,9.1387,-56.067
7.169,8.9647,-74.652
13.705,4.2731,-54.767
11.604,21.849,-54.589
9.9371,8.3012,-61.4
5.7502,-14.08,-48.07
9.3327,-17.98,-43.406
1.9363,-19.678,-28.212
-2.1238,-12.834,-29.295
4.6109,-16.602,-12.538
5.5215,-17.597,-20.623
7.9387,-19.039,-5.7311
7.1164,-12.521,4.0857
12.151,-5.2594,44.608
1.915,-6.1733,48.996
2.903,0.9411,44.097
-0.31184,-11.158,42.443
-3.9364,-16.832,36.759
-11.755,-2.0713,44.188
-13.004,0.94213,33.54
-5.199,0.58556,42.505
-11.602,-35.09,6.9974
-1.2541,-28.57,4.5692
-1.7025,-26.955,11.662
2.7924,-27.7,10.574
4.1195,-21.495,13.397
8.7634,-24.437,-14.763
8.1014,-17.517,-8.9485
7.2432,-12.154,-15.124
11.066,-6.1414,-24.151
12.427,-1.5115,-32.186
12.278,6.8211,-38.367
8.3908,9.8623,-46.323
12.677,11.398,-45.598
6.4425,9.8768,-19.317
2.1772,12.228,-30.221
3.1261,9.0725,-29.173
3.1936,9.5728,-17.185
2.9831,-5.1774,-10.109
-0.41892,-16.963,-22.835
5.5721,-17.455,-31.19
3.3153,-24.634,-36.966
9.8191,-27.267,-30.199
9.4825,-32.24,-26.072
8.7711,-29.781,-30.112
8.2446,-25.799,-29.204
2.4778,2.4648,-45.403
-0.40078,18.055,-41.545
-0.91854,19.251,-31.461
3.6027,12.61,-38.807
0.3136,2.7488,-47.622
7.5794,-0.26903,-35.992
9.0597,-0.12171,-25.229
12.114,13.223,-41.567
10.318,-8.2911,-22.166
12.223,-15.86,-20.181
9.9451,-17.246,-3.1177
3.0219,-19.349,4.222
3.5259,-14.482,4.0937
4.9883,-13.419,7.0033
1.4571,-9.7034,3.0525
-3.2642,-11.393,14.353
-5.7768,-0.80277,4.2481
-0.88716,-2.5668,5.1219
-3.4499,0.67883,-18.843
3.4963,-0.21278,-14.11
-1.4474,-3.3758,-9.8044
-19.809,25.515,-16.302
-15.918,9.628,-17.011
-2.625,18.825,-8.4544
1.4672,18.24,8.5698
4.257,6.4929,15.516
5.2386,-4.1017,16.59
2.1789,6.9589,9.6974
5.7397,20.285,4.3087
20.164,1.7497,0.14957
15.791,4.6789,-13.802
5.165,1.1508,-28.255
10.863,2.4031,-54.545
6.5919,6.5793,-56.504
1.2766,7.3704,-48.289
-2.8269,-9.3902,-38.946
-1.5573,-23.789,-41.727
1.4842,-22.314,-25.921
1.5742,-26.054,-21.838
-0.33963,-22.12,-7.7974
-0.93766,-28.9,6.504
-1.7275,-34.121,9.8242
4.6255,-29.266,1.5283
10.442,-25.7,-15.813
9.8588,-22.683,-15.905
8.6797,-23.484,-28.849
6.1554,-13.919,-19.99
11.836,-11.455,-17.355
10.05,-5.6148,-24.53
10.913,1.698,-32.879
10.552,0.0085707,-27.935
4.7517,-1.5728,-9.6892
2.153,-5.0596,-2.4746
-2.0118,-3.8898,-8.2835
-11.313,9.3401,-15.149
-7.2007,4.2197,-27.126
-6.5817,2.5125,-27.022
-1.0186,-1.1114,-29.11
-5.3981,-6.5579,-12.673
-0.78533,-9.7385,-28.703
8.9508,-5.0484,-32.24
11.999,-2.3702,-26.521
23.98,-4.7552,-23.773
15.748,7.0737,-18.65
17.603,29.588,-6.7667
15.659,44.889,1.1477
13.861,45.606,-2.0872
1.962,47.192,0.16943
2.7673,40.987,1.1807
1.6731,34.035,-3.67
0.67823,6.0781,-18.463
3.9252,9.0563,-16.46
-1.7071,-6.5534,-38.223
-9.479,-16.306,-37.779
-0.48654,-26.465,-52.951
10.576,-27.583,-41.461
5.7368,-24.264,-26.387
4.224,-18.576,-33.506
14.059,-43.47,-18.291
13.292,-37.617,-22.416
13.051,-35.402,-10.473
12.015,-15.904,-14.62
8.0215,-1.2517,-0.67825
14.659,8.3956,-3.2137
11.312,-1.7803,-9.2255
12.498,-17.178,2.8807
-1.745,23.449,-15.454
0.74715,25.683,-3.5476
-2.4213,50.301,-6.5235
4.0503,25.371,7.3246
7.6831,42.529,2.1749
-2.3851,26.58,6.7998
3.0595,17.686,-5.3133
2.2882,8.3354,-16.473
3.1201,-18.897,-0.038409
0.61257,-23.092,-6.9061
9.1053,-31.767,-3.0548
12.821,-36.146,-21.134
9.4508,-45.458,-19.131
14.347,-56.142,-17.3
9.1631,-45.168,-10.098
9.7464,-44.063,-5.9527
11.6,-30.326,-10.28
11.316,-30.046,-7.2369
6.9493,-9.8169,5.8175
0.51832,-2.4316,31.198
2.4461,1.1235,42.244
-8.6771,1.2554,39.918
-7.5,-1.8689,44.21
-3.6819,2.1421,49.129
-3.7575,-3.2782,72.052
-4.9079,-6.6674,65.057
-2.8123,-11.204,54.027
-1.2903,-6.8253,34.783
-0.51063,-7.0052,23.709
7.4131,-5.8117,22.265
0.84784,-0.11424,16.322
0.5802,-20.868,14.301
-0.70606,-38.302,-15.53
2.3441,-23.122,-27.607
-0.83925,-10.398,-16.496
1.0892,-12.756,-27.355
-3.2923,-19.621,-37.76
-7.5094,-4.5671,-48.759
0.53281,-5.5053,-55.972
-2.7906,-2.3258,-55.825
4.8602,1.6488,-26.211
8.1545,1.7055,-11.41
8.239,-5.1183,-27.318
4.8115,2.9044,-17.409
11.005,8.3492,-7.9092
14.886,-2.3836,-1.9421
11.975,-32.342,1.3023
10.506,-46.16,6.3852
2.6902,-48.138,-18.374
2.7874,-34.056,-16.145
4.2023,-18.949,-6.2085
1.7183,-13.053,-9.0113
-0.34321,-3.3925,3.9894
-0.74945,-0.34455,-1.9493
-3.619,23.627,0.97563
6.9878,47.537,-8.4048
12.988,60.462,3.3212
13.23,50.434,5.1573
13.874,40.038,4.08
6.7653,27.087,2.5399
4.2573,22.263,-27.337
8.5938,14.079,-14.347
14.273,8.7872,-15.528
12.001,-5.0742,-18.496
6.7135,-24.852,-6.9404
4.1682,-29.853,-7.767
0.18583,-18.829,-13.507
8.4443,-6.2755,-9.9953
6.9951,-20.619,7.1995
-0.8413,-16.792,-7.7098
3.9493,-14.854,4.96
-4.4229,-12.823,13.22
-9.2615,-24.222,-8.5896
-9.6269,-31.204,-14.494
-8.5192,-40.762,-15.274
-3.2371,-38.928,-24.476
5.9399,-38.472,-23.884
-1.5727,-10.35,-18.91
-10.614,-10.14,-32.245
-5.1234,-12.716,-30.148
7.8298,-1.2755,-5.8902
7.8621,-9.8901,-12.671
14.591,-1.2061,-22.254
11.331,3.6036,-7.9542
1.5753,11.881,-10.541
9.1896,1.7096,-14.433
14.784,15.556,-11.045
12.465,22.242,-6.202
3.3195,17.261,-31.719
5.5178,4.3202,-30.044
8.6419,3.4507,-25.953
11.279,17.567,-38.4
10.915,26.162,-41.675
16.589,-8.1588,-38.009
8.9658,-12.338,-32.624
11.19,-11.073,-50.788
17.732,-16.414,-44.985
8.4637,-17.274,-37.599
-1.7987,7.057,-27.41
-2.4641,-0.94363,-13.243
2.1013,9.3953,-10.414
3.1164,12.965,-16.406
5.6339,4.6188,-26.578
12.116,-1.1058,-6.9195
3.9456,6.7636,-8.9579
10.596,3.6322,-4.3227
14.609,-4.3414,-11.467
17.137,-5.136,-24.731
2.4433,-7.4475,-24.125
2.9037,-10.128,-14.049
5.3033,-10.99,7.9304
-0.48034,-5.8818,4.0761
11.224,-10.091,14.662
11.326,0.71137,1.6822
17.551,4.9257,16.447
5.347,5.0659,23.052
12.135,7.8988,33.78
10.259,13.737,29.687
3.0905,12.255,8.0128
4.3274,9.2206,-0.92784
5.5313,12.931,5.9302
-2.9814,13.404,-3.7088
-1.3348,9.4909,-6.6053
2.5606,-4.8331,2.2941
11.484,-27.852,-16.306
5.2236,-46.766,-12.061
11.971,-53.989,-8.446
9.5381,-55.923,-0.46995
-5.2304,-59.374,-9.7713
0.13054,-56.741,5.0577
-8.1187,-44.454,3.2447
-8.5451,-27.861,-5.6341
-5.9031,-28.144,8.6317
9.5213,-49.565,5.3584
5.1464,-49.106,10.483
2.8422,-53.24,3.703
9.4434,-54.315,-1.5138
11.045,-46.756,0.23161
8.9765,-33.371,2.3582
5.1003,-27.995,3.2673
0.44696,-30.535,-1.5105
-6.895,-19.944,6.5985
3.8556,-21.602,-15.819
-0.67971,-20.353,-6.6426
1.347,-0.72834,-0.61404
1.9539,6.4797,-12.46
2.8349,17.835,-10.592
7.9658,27.359,-8.6448
7.0697,24.342,-7.6479
8.2094,40.048,-15.928
3.8424,38.227,-5.5811
7.7078,28.36,-14.786
5.4481,21.39,-2.7075
2.0513,17.467,5.4186
2.6141,11.222,-6.5222
4.1743,7.1399,-2.5257
1.1443,6.8597,7.5983
-2.7201,7.5379,18.77
-3.5374,8.5346,23.818
4.023,6.0985,22.554
4.8344,31.327,16.33
3.9691,55.839,28.277
2.7765,65.778,31.337
0.60428,52.632,13.395
3.2953,44.708,-10.783
1.7476,32.634,-25.572
1.8671,25.335,-26.472
2.3464,19.981,-14.39
5.0434,16.723,-20.473
4.2774,15.881,-23.471
4.6798,23.037,-16.744
7.1313,6.3881,-13.84
3.6331,-2.3467,-5.7185
10.973,-7.6861,-2.0891
6.5846,-9.0349,3.9896
-0.74968,-12.571,0.34596
-4.5745,-7.4749,6.7979
2.2006,-36.842,-5.3833
-3.1639,-35.888,-12.917
-3.224,-22.854,-1.6126
0.70367,-13.082,-3.5816
2.1704,-2.9823,16.368
5.2366,1.932,15.239
11.385,7.5483,10.834
14.712,10.525,-8.5165
9.9858,-4.5002,-5.3562
15.22,-8.7431,1.2175
9.0172,-12.102,-0.65994
15.941,-15.538,8.9591
13.881,-17.43,-8.0826
15.289,14.858,-2.2003
7.2894,35.301,-5.9963
6.0271,48.163,-1.0688
5.3036,54.506,0.87039
7.216,46.916,-4.9736
10.583,49.291,-1.2075
7.7622,51.811,-8.2565
4.9022,30.604,-1.1428
4.5574,18.703,-21.203
8.4776,4.2015,-17.255
5.1309,-17.813,-16.017
3.4446,-25.459,-22.029
7.7658,-21.835,-18.467
9.3531,-22.802,-34.675
1.6786,-24.476,-32.372
0.80934,-47.624,-32.302
-1.5494,-62.08,-18.102
-4.0269,-43.202,-26.919
-2.6219,-20.46,-22.187
-0.44128,-2.9021,-20.196
-5.3949,-3.6862,-23.622
-3.9412,-0.60877,-7.4507
-2.8673,-2.6577,-12.22
2.8338,1.4883,-17.431
0.13811,2.267,-19.244
3.8828,5.8639,-16.419
4.1426,-3.5026,-31.141
8.8278,-6.7896,-24.196
7.3501,-16.447,-30.206
8.9554,-28.175,-21.149
15.756,-18.934,-16.453
5.502,-14.742,-5.9631
7.7316,-12.222,-8.999
13.524,-23.428,-6.2481
15.308,-14.322,8.5647
8.8501,-7.1312,-0.29279
7.8025,-12.094,5.5498
1.5905,-11.302,2.5929
-6.2074,-17.036,8.0355
7.7407,-19.895,-10.529
6.9722,-11.943,-16.78
-1.6377,-20.829,-7.1747
-5.6435,-17.432,-17.013
6.8463,-38.223,-10.563
10.278,-47.216,-7.8694
11.954,-57.924,-21.95
8.0061,-38.641,-25.793
5.1936,-23.845,-21.761
11.422,-18.76,-8.9888
8.1081,-13.454,-4.8992
6.7137,-16.933,7.3501
-7.3364,-12.645,21.019
-8.2456,-15.46,15.355
0.55958,-15.939,27.175
13.673,-2.7553,38.275
3.4076,-1.1342,58.61
-4.3265,4.8873,52.166
-3.6321,21.066,42.961
2.3816,23.537,48.78
9.8187,42.598,38.497
9.7457,57.83,39.326
0.10148,67.62,31.582
-6.9438,42.613,27.197
-7.2878,8.7028,17.652
1.5971,5.5694,30.06
4.3836,-3.9248,15.933
4.4796,-9.8059,2.8928
-0.89502,-8.1784,-1.9988
-4.2427,-9.9547,-1.8081
1.8226,-9.4909,2.9236
3.2079,-3.466,-11.968
4.8162,11.072,-44.23
3.1073,0.73455,-47.745
4.9374,7.8876,-37.882
7.1286,8.5254,-26.94
15.096,5.8137,-36.263
18.347,-1.4855,-31.287
15.634,-5.0455,-46.147
15.16,-2.8564,-48.243
14.373,-2.7146,-32.268
14.033,5.5505,-40.582
12.644,-5.2558,-53.355
12.906,-6.7186,-59.401
14.036,-5.6924,-40.515
14.319,10.456,-44.738
10.835,12.783,-36.942
14.187,18.3,-32.489
12.682,11.742,-36.494
4.1407,9.0041,-46.181
-4.1867,31.045,-23.85
-7.686,30.364,-25.868
-8.4577,12.011,-43.773
-4.2913,23.809,-50.965
0.46304,24.953,-51.049
-1.1228,35.854,-47.836
-5.7652,45.086,-37.573
2.8481,24.149,-31.736
13.291,19.866,-36.395
9.3902,9.7938,-36.226
14.302,4.1373,-25.474
6.4885,-0.48587,-17.135
-0.090409,-18.54,-6.7255
-0.47463,-37.942,-1.3371
12.378,-41.56,3.1486
11.364,-40.022,12.093
9.1424,-49.847,9.4155
8.0942,-21.179,12.769
5.6562,-16.765,14.817
2.2525,-21.736,13.178
3.4513,-17.977,12.096
5.2836,-26.223,10.895
-4.2369,-33.862,20.365
-2.0996,-43.054,16.542
-4.3848,-38.639,5.6167
18.542,-56.77,12.132
13.227,-55.613,15.359
18.086,-49.894,16.008
16.83,-46.361,7.9284
17.291,-45.127,7.8405
21.233,-44.049,-13.449
10.494,-34.215,-4.2902
11.462,-30.045,3.5209
-3.118,-7.4302,-2.4842
-7.6322,-10.784,-3.1653
-7.5072,-8.5589,-11.142
-0.10186,-8.1331,-4.4047
-6.702,-7.5126,-12.073
-10.44,-3.3949,-11.87
5.4836,-10.43,-10.324
15.571,-50.781,-11.319
7.9308,-55.819,-9.1757
12.73,-53.184,-0.63829
11.427,-43.154,8.3815
11.2,-41.425,7.4805
10.169,-29.487,20.306
18.179,-7.2593,18.948
10.954,10.192,5.0442
-1.5526,40.648,6.8672
-1.5709,18.092,-1.0106
-5.8949,3.0936,-2.648
-6.4795,-5.7801,-14.452
-10.194,15.461,-16.241
-3.0172,16.42,-43.2
-6.2222,25.73,-51.047
-4.9531,29.096,-44.996
-4.3634,24.816,-43.756
5.1066,24.131,-38.074
5.0919,14.066,-39.794
14.223,6.2995,-20.368
15.255,-6.4593,-36.413
14.103,-2.0269,-15.715
12.56,-10.715,-6.6067
7.1848,11.75,-8.1274
13.035,1.685,-14.315
9.9528,-3.0321,-10.199
15.63,-1.532,-3.6096
9.9772,-4.437,-18.432
6.7939,0.56182,-5.4868
2.0452,6.743,-7.1321
2.4876,13.236,2.9055
4.2786,16.427,5.4977
0.47419,41.639,6.4203
-0.63046,54.907,18.338
-7.3706,56.119,-7.2747
-7.3687,54.77,0.9143
-4.4485,48.407,2.0779
1.8387,27.858,14.875
3.8936,16.133,17.743
5.4285,4.5161,16.742
7.1514,-19.103,55.58
4.6859,-21.128,35.87
7.0852,-9.1213,51.551
3.1182,-11.153,51.818
4.1689,-14.925,46.543
2.3454,-21.413,40.581
-0.26915,-29.571,44.833
-0.13039,-31.56,36.886
-2.6633,-41.735,9.3064
0.018481,-36.3,21.178
4.2248,-39.807,4.1493
5.1646,-19.65,3.0145
4.3826,-9.9724,24.052
3.758,14.432,8.1328
4.6747,10.481,-13.983
6.675,8.0366,-7.129
13.319,31.905,-9.6842
20.177,24.587,-15.266
15.777,16.492,-7.2403
20.064,2.4598,-0.70511
16.201,-9.4699,-13.718
15.808,-10.281,-2.0052
6.8508,-7.5537,-4.9191
10.712,-0.49088,-15.081
7.0469,-4.4432,-19.085
7.4053,-1.2598,-7.3487
5.5267,10.163,-14.378
0.10365,10.263,-20.031
-2.1965,10.159,-27.805
-4.1756,7.4702,-32.535
-4.3338,-10.804,-21.25
-9.2886,1.2801,-19.047
-11.904,-2.5739,-10.559
-15.964,-18.632,-19.016
-13.178,-24.396,0.11235
-14.691,-40.717,-1.5902
-6.6494,-46.255,10.172
-9.3191,-38.462,8.4873
0.44347,-28.812,4.0739
7.1425,-26.89,11.841
16.341,4.2649,8.1627
9.0699,-5.561,5.4175
0.6159,0.94774,2.8315
10.597,0.64371,-8.4787
13.072,21.509,-11.569
10.769,11.388,-8.4429
5.2669,10.085,-5.3176
-0.71444,5.6983,-9.9973
-11.37,-1.2417,-13.259
-3.0967,0.76632,-15.561
12.697,-13.714,-23.25
5.0748,-15.376,-8.1414
0.3768,-20.339,-1.9297
5.6706,-16.455,5.6637
8.0424,-20.731,0.5664
1.8435,-27.376,7.995
5.3124,-28.564,12.898
1.9567,-31.946,6.1704
-7.0243,-21.794,11.419
-6.2341,-17.336,7.3999
1.8536,-11.698,10.96
-0.32767,-5.6275,3.8957
3.4693,-8.1128,16.789
12.369,-1.5164,4.1342
6.109,-3.5543,-2.6413
2.8565,9.4651,-1.4946
-0.88637,11.697,4.8609
6.6434,19.221,9.4549
3.1292,19.159,3.6419
6.5933,11.957,9.7163
9.4759,11.472,6.579
14.709,10.204,16.333
13.845,12.958,15.193
13.319,19.46,20.916
17.019,13.213,1.7423
10.501,-6.6409,-8.9139
7.7057,-15.64,-12.794
9.171,-22.585,-15.807
1.4749,-27.382,-22.363
-9.071,-16.903,-23.059
-2.6916,-16.534,-17.229
-2.0989,-23.519,-26.002
2.5963,-16.03,-11.31
4.9543,-21.548,-3.2395
5.4122,-22.849,-10.19
5.4326,-15.305,-12.399
3.6137,-13.763,3.6332
8.5461,-21.142,5.6125
7.6592,-23.338,1.6973
7.1475,-24.027,-5.2553
-3.8971,-46.087,-18.713
7.5287,-33.132,-19.166
4.01,-31.155,-19.839
-3.0027,-30.524,-19.328
2.8579,-25.704,-24.534
-1.0876,-16.554,-17.48
3.5387,3.4497,-25.579
7.9251,21.683,2.0693
10.67,29.071,7.8724
6.1661,37.134,16.847
7.5296,48.96,32.408
15.282,44.958,30.008
8.5242,40.017,30.279
13.933,11.839,25.115
1.9325,-1.5771,33.59
3.2174,-8.4864,37.538
5.3278,-18.771,41.605
-7.3958,-21.015,39.239
-4.977,-26.576,26.39
-5.5383,-25.764,27.538
-1.7747,-30.13,36.254
-3.8025,-35.319,30.345
-3.1105,-27.092,23.428
-9.2123,-19.438,0.75909
-12.044,-11.593,-4.0564
-8.6382,-7.7287,-14.108
-4.5435,-13.499,-15.972
-6.8313,-12.555,-1.6912
-1.418,-15.403,-19.716
1.0401,-17.998,-17.625
12.669,-7.8861,-20.398
17.878,-13.255,-5.5784
21.105,-14.752,8.2025
25.653,-15.74,8.86
21.813,-24.265,-3.5234
15.746,-38.129,-20.419
13.299,-41.752,-8.4955
9.7937,-46.921,-14.378
6.9594,-20.665,2.9927
5.7073,3.3037,-0.018249
4.9266,12.692,-8.9145
8.7866,16.365,-12.003
4.1868,17.229,1.3019
10.345,24.26,10.876
10.762,27.995,1.6485
11.306,33.272,6.3632
10.13,28.131,-5.6274
13.015,23.454,-21.796
18.022,8.4128,-16.345
3.6742,12.238,-12.732
2.6672,5.992,-5.3814
-0.91614,-8.2371,-17.062
-4.603,-18.34,-12.664
0.388,-21.475,-4.7581
-4.8643,-16.983,10.416
-1.9326,-18.696,20.413
-9.5249,-21.094,14.928
-0.46735,-10.829,14.358
6.4504,-2.4406,7.7858
7.3889,-1.6675,-2.3864
5.3144,-4.1664,-0.30376
3.3071,-28.095,-3.2085
12.183,-31.284,-23.698
5.584,-15.899,-31.568
10.676,-6.5863,-28.919
6.7547,-15.164,-13.463
7.5891,-15.852,-13.375
8.3953,-10.696,-2.4711
18.682,-11.314,3.069
11.494,-8.5723,3.2402
4.1111,-9.4731,7.5896
6.7394,-8.4538,20.49
7.9964,-10.434,7.4542
12.638,-20.896,-12.134
3.1781,5.6093,-8.2748
6.8016,22.542,-16.529
1.5908,29.551,-18.311
3.514,32.81,-30.389
0.85297,11.32,-19.956
4.6476,3.0216,-28.041
4.7937,-1.6847,-21.009
9.2737,-13.308,-22.934
8.2673,-30.727,-10.383
6.8099,-26.043,-2.338
7.221,-20.753,-5.4654
10.643,-21.161,-0.60394
14.632,-2.6348,-7.9824
8.478,-2.7792,-17.567
6.2412,5.9379,-17.57
15.084,-2.1982,-7.6403
21.72,4.7546,-13.175
18.951,2.8504,2.8946
19.552,5.2186,7.6574
15.751,11.481,11.492
6.1348,10.375,11.825
3.3535,18.812,22.655
8.7131,-11.256,14.269
-13.434,11.745,4.5959
-14.158,7.9408,3.8846
-12.277,10.971,-3.141
-15.992,0.37357,-20.892
-10.944,-19.506,-14.563
-4.3365,-15.359,-7.9185
-4.4042,-6.0343,-0.76538
-12.804,16.695,3.8858
-2.4292,12.336,9.4535
-2.3631,5.6312,14.546
-2.941,-5.3976,14.854
-2.5893,-17.659,19.243
-9.834,-13.494,22.628
-0.64712,-16.62,22.451
4.6643,0.83872,10.398
2.5727,-4.7498,22.474
0.75717,-14.231,22.741
2.0947,-13.604,-4.363
4.0028,-9.2265,-7.5801
9.8736,4.8171,-1.2948
15.473,9.0552,-4.8776
14.012,28.826,-0.02738
7.5776,28.819,-1.8073
11.618,25.119,-1.9543
15.397,40.205,4.9146
16.874,45.965,10.882
11.922,45.712,11.183
7.6467,39.615,1.6049
7.2903,20.389,-9.3683
0.48661,-11.341,-13.832
7.2424,-20.811,-3.2215
-1.3382,-35.882,-8.6565
-3.3023,-35.826,-4.5676
-4.0912,-29.376,5.3484
-3.2191,-30.094,-0.63837
2.6919,-13.728,3.0777
2.6203,-8.5936,10.171
2.1474,3.9239,-2.0322
-1.0732,9.4557,-1.9798
6.554,12.324,3.6099
2.6405,14.744,-1.3376
4.6993,11.441,6.6541
9.4833,10.627,8.424
2.4742,9.6592,15.732
3.247,4.8248,3.8321
1.3265,4.177,4.9701
2.5569,-3.1219,-3.842
3.8257,-6.9038,-6.1124
5.6393,-5.0786,-12.105
4.3583,-5.4047,-5.9294
-1.3885,-2.8831,6.3842
2.2172,-6.5494,4.4343
1.8873,1.0548,12.298
9.1277,0.43995,16.971
11.813,10.588,24.688
13.485,22.605,15.642
10.829,22.992,8.5494
12.444,25.635,-9.8008
17.883,1.8141,-37.188
17.705,-11.489,-46.384
13.04,-19.931,-43.324
14.532,-28.789,-46.394
8.9446,-32.178,-68.212
7.6168,-26.657,-60.345
24.089,-50.858,-58.527
15.311,-50.47,-55.183
6.3234,-42.854,-50.961
6.2823,-43.759,-34.838
7.8301,-48.039,-34.697
5.8862,-36.857,-27.826
4.3748,-19.821,0.22478
-1.6061,-15.507,-9.35
-16.382,13.754,5.7507
-11.993,2.9405,13.718
-9.3158,-5.1052,27.76
-7.8314,-1.8728,8.5739
-9.9744,0.90892,4.6011
-11.063,-2.7719,0.80058
1.3087,-0.5053,4.2317
5.8874,-3.0922,10.043
6.8098,-25.973,5.9603
4.785,-24.978,-1.7709
10.86,-18.679,6.9601
1.8265,-14.038,14.362
5.0639,-29.009,21.149
4.4353,-40.377,20.161
0.057392,-28.802,21.505
0.016765,-45.271,25.679
0.99025,-13.532,44.7
4.1574,-15.727,43.52
-0.65238,0.77078,30.825
11.262,7.5484,31.422
14.862,12.235,34.233
17.686,-3.1547,39.171
7.5729,-10.505,17.578
12.753,-0.19029,5.9156
12.512,-5.8325,-14.121
11.089,2.3336,-18.432
10.432,3.2406,-13.576
7.8985,2.3027,1.447
1.9448,10.254,-14.229
-6.5556,17.964,-15.826
3.3913,22.278,-15.217
-3.0151,16.693,-4.6911
-4.578,-4.767,-4.2409
-2.1042,-13.454,-5.1479
2.7677,-3.7168,6.7254
-1.8497,-0.53233,2.0532
-1.3488,-10.447,11.131
26.327,1.5215,11.342
17.209,7.2806,23.582
19.124,14.802,35.251
21.185,20.932,33.844
14.314,22.715,36.912
13.276,21.755,25.828
9.466,19.763,17.915
10.859,24.779,17.605
-19.986,7.099,18.432
-15.433,13.047,14.334
-19.951,10.589,3.8139
-19.236,14.686,11.93
-8.9738,-12.623,20.834
-11.265,-19.782,10.165
-7.3685,-14.476,17.961
-6.4525,-22.697,22.222
-0.4056,-23.564,8.0615
1.7668,-49.76,8.1241
10.845,-40.29,0.75375
8.196,-31.817,-9.2181
-3.3566,-26.116,-29.729
-7.0383,-17.834,-36.601
-4.0883,-5.751,-37.525
-4.132,4.9097,-33.464
-3.6724,0.084284,-19.47
0.74803,-2.4357,-22.691
-0.61395,6.2812,-10.555
5.5947,-1.6128,0.19841
12.744,6.6213,26.848
19.66,11.137,40.412
17.491,-0.161,35.352
16.649,-9.4555,40.323
22.356,-16.319,32.993
16.061,-19.417,58.172
13.073,-23.394,58.339
12.288,-18.762,63.198
6.076,-22.875,59.55
5.0348,-19.06,62.504
2.3712,-27.539,53.49
2.9747,-26.801,40.233
-5.8862,-24.154,44.462
-8.5255,-19.921,15.825
-10.982,-12.037,3.049
-9.1368,-10.439,-24.812
-5.3644,-1.2571,-45.035
-7.6801,-0.89336,-58.824
1.1057,-7.5366,-56.922
0.15442,-12.032,-64.689
1.144,-16.657,-64.508
25.482,3.8037,-68.214
15.462,37.013,-69.607
13.168,34.287,-55.458
10.84,35.828,-43.433
16.011,30.109,-24.598
6.4707,43.003,-30.631
2.3965,40.086,-29.447
12.25,41.76,-28.018
-5.9265,31.147,-19.007
-1.3905,7.9769,-13.495
-2.3833,14.426,22.525
6.7753,3.104,30.113
5.0447,8.657,32.159
3.359,3.9299,46.449
2.5836,4.9962,50.535
1.9883,-11.811,44.703
1.7985,-22.689,59.897
7.355,-19.044,62.497
2.106,-20.02,13.633
-0.94444,-12.943,6.5723
-6.9362,-17.563,-6.0075
1.5573,-21.248,-20.222
15.022,-17.007,-11.948
15.088,-17.016,-23.083
5.7428,-4.4423,-45.735
6.7685,-10.655,-55.78
7.1856,-4.9164,-54.687
5.3909,-9.4086,-49.291
3.9016,-3.6684,-61.227
1.7247,0.88373,-56.137
-3.5673,3.3647,-53.861
-11.801,6.9183,-52.437
-3.9219,4.8348,-30.58
-0.51457,0.96499,-18.542
-0.49828,9.5207,-26.704
5.7429,7.9632,-27.929
13.291,4.9303,-13.271
14.27,-9.4307,2.5982
11.74,-35.499,-3.5055
6.796,-34.023,14.521
11.536,-31.813,9.1239
11.042,-32.362,5.0293
8.9745,-38.438,9.1762
5.6517,-37.258,8.264
1.0267,-26.061,1.2163
-2.331,-29.303,-9.5097
2.3908,-31.592,1.4308
8.5686,-37.141,-9.6654
9.1798,-48.287,-16.745
0.78242,-48.626,-23.519
6.3651,-39.322,-24.709
21.487,-65.721,-37.957
20.325,-69.141,-19.948
15.665,-63.019,-23.982
19.199,-40.769,-26.165
21.093,-11.336,-30.416
16.986,-8.2418,-20.391
22.19,-13.237,-17.557
15.777,-13.103,0.63531
-6.107,13.951,12.769
0.74265,16.799,9.3852
3.0953,15.717,14.252
-3.5984,9.8568,0.65816
-11.596,12.802,10.003
-17.015,-16.83,4.6216
-12.467,15.076,-6.6278
-14.204,22.683,-5.2537
-13.72,25.015,-12.954
-10.28,26.922,-15.886
-7.899,16.707,-23.486
-6.1709,21.992,-17.529
0.58819,23.04,-24.786
5.5251,28.536,-30.194
2.6798,31.222,-16.212
5.5788,35.38,-24.566
4.2889,28.178,-28.423
-0.23885,19.256,-30.009
6.641,31.114,-27.689
3.0165,30.313,-37.631
-0.20774,21.166,-27.277
2.7577,18.032,-20.327
5.1535,8.8417,-18.196
6.8072,6.0841,-14.204
7.3251,5.6788,5.7709
-2.1552,15.457,9.9035
-13.319,9.7873,15.635
-12.728,0.75739,36.09
-3.8677,-2.1087,39.964
-6.3109,-16.632,27.249
-9.6897,-28.308,27.709
-7.1758,-24.5,24.547
-2.767,-17.82,26.198
0.063338,-25.075,25.28
6.7159,-33.044,23.218
7.3615,-33.617,14.224
6.112,-23.097,12.011
9.5298,-19.678,24.72
11.982,-13.862,26.351
6.1627,-4.9817,33.673
9.937,3.0695,16.416
8.0586,-4.9572,13.407
8.6458,17.589,7.8791
20.677,14.876,4.9729
14.899,11.785,0.27218
19.395,15.181,-11.09
15.736,-0.21635,-14.972
18.379,-10.268,6.8909
14.056,-18.232,12.085
11.811,-25.055,6.2502
9.7071,-30.414,35.477
-0.32511,-24.076,38.792
-1.4628,-19.385,41.799
-7.0423,-22.879,44.25
-8.4992,0.13895,35.442
-2.9019,-8.1637,11.291
2.4211,-19.327,6.2909
3.6588,-19.453,0.20646
13.676,-18.329,-24.359
2.0399,-19.697,-26.868
5.4261,-18.31,-29.044
4.5826,-13.556,-21.14
10.197,-13.413,-8.4267
15.331,-28.748,-9.3017
4.8507,-27.802,-9.8551
7.8493,-19.439,-3.1729
-2.2794,-20.375,-10.672
10.2,-18.679,-23.236
9.3248,-13.632,-18.381
9.7511,-12.471,-31.507
10.176,-8.5377,-46.722
-3.4462,7.4441,-33.609
-4.9099,7.8932,-30.558
-0.64296,-23.679,-28.455
0.27721,-19.311,-25.306
0.78122,-19.848,-10.088
-0.63186,-16.315,-18.931
-2.3409,-10.088,-24.866
-2.2904,-14.864,-21.589
5.1043,-12.753,-37.88
5.1563,-7.158,-33.019
8.277,14.126,-35.417
6.1323,19.58,-31.336
-6.2076,10.363,-48.773
-1.497,3.2463,-49.855
0.83565,-3.1779,-41.816
4.521,-3.8613,-42.996
1.4891,-24.498,-31.905
9.611,-33.227,-50.407
-0.78611,-22.878,-60.825
7.1283,-8.2178,-63.294
14.354,-6.553,-54.577
10.074,-7.6046,-63.348
12.006,-8.7145,-48.367
8.2362,-3.24,-36.336
3.5982,1.5864,-55.271
7.2399,-0.36474,-46.37
5.8113,13.431,-35.332
2.9873,-5.185,-40.064
3.6054,-5.1365,-27.306
-3.0613,-8.1014,-6.0575
0.4449,-8.2019,-8.2738
8.7237,-17.532,-6.4726
14.862,2.4953,5.2194
8.0927,14.526,11.433
7.4257,20.428,6.4323
2.9913,28.765,25.494
5.8854,24.945,21.502
18.107,11.534,5.9378
9.0411,14.155,9.3282
-1.6257,10.816,-9.3907
-8.7892,20.512,-7.0688
-5.3264,27.567,-16.226
2.0959,26.311,-7.451
-3.2077,29.396,-20.297
-8.2314,38.205,-19.279
-4.2375,29.039,-10.518
1.3623,38.418,-8.7475
2.0474,41.452,11.276
3.6003,36.824,13.403
9.9001,27.354,19.431
8.3967,8.867,15.436
15.53,-9.9311,0.24049
8.4675,-28.68,-8.1612
4.5753,-35.923,-12.809
-11.14,-17.993,-26.47
-7.2511,-18.926,-38.486
-1.5642,-3.96,-50.713
-6.1147,5.0701,-42.469
-2.9528,3.0058,-54.36
1.9933,13.399,-34.732
9.8381,20.688,-35.32
14.257,3.3431,-29.528
21.133,-20.43,-39.581
11.717,-44.554,-47.332
9.1927,-58.962,-35.27
8.8693,-63.876,-28.35
7.1572,-65.626,-17.33
2.2692,-65.511,-7.1158
3.3166,-50.764,-9.8649
-3.5256,-21.617,-9.4572
1.7059,-4.8926,2.427
8.4536,-8.4472,12.139
7.8102,-12.431,7.1814
3.1754,-8.5377,-8.8052
-4.6409,-3.428,1.4178
-4.0835,-13.013,-1.3069
-1.4077,2.6649,12.611
0.9792,13.476,6.4422
3.6924,20.842,7.2129
13.277,-0.52921,15.445
3.1573,-0.17659,28.981
5.525,3.7094,25.849
10.549,3.4441,15.632
9.3617,9.7178,6.4454
7.9918,16.948,1.207
6.904,7.0586,8.4812
8.5372,-14.646,1.3746
-0.908,20.818,8.0057
7.3943,28.922,4.4238
6.8086,24.126,15.5
12.889,30.059,13.957
16.007,27.735,15.68
8.8598,-13.36,28.042
7.5092,-9.3662,30.954
3.0115,-8.6165,34.133
-0.20382,7.2513,18.22
4.76,-7.0192,8.9971
5.7122,-16.15,5.9405
11.43,-25.717,14.767
4.2293,-6.1144,15.065
3.8328,1.4763,-6.8205
5.1375,-0.70353,-14.945
2.5937,-10.079,-23.683
3.176,-20.897,-29.428
1.6827,-26.883,-22.128
9.6462,-27.943,-28.39
6.1785,-36.691,-40.933
7.6772,-33.101,-35.972
12.851,-8.8071,-15.218
33.923,-2.9597,-10.716
32.777,17.512,5.8528
35.856,1.6743,17.48
28.111,-3.6852,8.4142
13.68,-4.9845,19.715
10.589,3.8586,23.395
11.596,3.8671,13.141
8.101,-7.0792,0.43971
-13.508,0.61884,-2.2117
-9.3143,-5.1893,-8.2335
-19.925,-6.7123,-14.649
-11.661,2.5891,-9.6995
1.6847,-9.9294,-21.98
-6.1195,-21.602,-30.309
-11.316,-26.058,-29.808
-10.274,-15.159,-28.967
2.8796,-14.717,-27.492
-1.0237,-27.479,-22.915
5.6578,-20.228,-20.31
0.71979,-18.668,-17.088
-5.9811,-14.36,-17.81
2.7919,11.627,-8.241
11.352,4.2579,-5.6953
6.3123,15.977,-24.452
-1.423,21.38,-27.997
0.67083,33.785,-34.27
-0.73161,32.9,-27.089
5.4626,37.409,-40.484
3.3658,31.371,-41.248
-1.5404,31.303,-41.019
-4.5674,34.612,-42.552
3.9773,44.322,-23.943
8.0215,15.029,-5.1171
12.154,-6.4264,1.7263
13.489,-20.871,13.688
8.8697,-25.14,27.792
8.6697,-24.39,27.651
7.1532,-30.726,28.818
9.546,-19.834,29.382
7.8394,-19.94,23.384
3.3403,-17.609,10.491
-7.9873,-17.624,-4.9452
-9.3106,-19.986,-11.653
-5.3178,-20.358,-34.659
-2.0403,-20.441,-29.654
4.3946,-17.103,-28.915
16.803,-36.508,-31.946
17.11,-15.72,-28.902
11.25,-26.147,-38.591
23.942,-19.838,-33.512
25.389,-17.222,-39.927
20.817,-21.479,-22.827
14.599,-22.205,-15.669
9.1556,-12.961,-27.371
2.6282,6.9348,-24.43
2.3642,7.6386,-14.299
4.138,8.4194,-4.3027
-0.061334,0.27747,-3.7913
-6.1448,-1.2841,-20.358
-0.60731,-33.647,-19.539
1.8186,-50.624,-15.687
6.0755,-55.139,-2.0457
-3.0465,-55.038,-4.7866
-4.8528,-58.023,-17.643
-9.2175,-52.093,-7.4926
-11.096,-50.416,-4.2929
-0.067545,-46.777,8.2628
-2.8437,-39.717,11.286
-0.63533,-43.349,-5.6549
-1.4369,-48.069,-8.3843
-0.3595,-46.766,-12.323
7.8553,-35.579,-4.8944
18.467,-15.219,-16.388
18.822,9.0421,-4.4769
7.7989,19.114,-4.9392
16.424,26.267,-6.3486
11.839,36.011,-25.449
3.9717,29.101,-18.283
2.7137,1.7017,-27.273
-2.1749,-15.332,-32.063
-0.24177,-7.9028,-36.993
-6.5664,-16.562,-44.816
-2.7574,-18.992,-46.082
-10.486,-10.648,-64.673
-3.9742,-3.0623,-34.906
5.172,1.1748,-37.348
8.8101,25.355,-22.587
13.776,30.991,-16.698
-0.35322,40.448,-12.172
10.238,39.518,-16.529
7.3138,46.766,-16.631
11.929,27.403,-2.7186
14.705,33.299,-0.0049747
5.6072,54.607,-8.7258
0.80557,56.237,-7.5939
-4.376,38.866,-21.442
2.7211,16.781,-24.513
-3.7258,10.919,-26.276
0.4518,-1.5878,-31.186
-15.118,21.7,-24.48
-14.323,7.3999,-26.178
-3.971,0.15726,-24.444
3.0425,-13.386,-14.429
3.0219,-17.721,-6.307
2.8295,-8.1362,8.4668
10.256,-9.303,4.097
2.8553,-10.658,2.4158
10.189,-12.671,-9.9014
9.9355,-16.949,-7.827
7.865,-18.734,-5.7
3.0283,-32.59,-28.71
7.31,-28.208,-22.752
9.4172,-14.438,-30.668
2.6547,-0.2287,-21.386
13.99,9.1259,-17.984
18.633,15.892,-12.411
16.222,20.09,-19.553
12.52,2.57,-26.375
19.163,-6.0097,-12.718
10.786,-11.511,-27.451
5.4846,-10.531,-35.36
8.4103,-18.185,-42.36
4.1127,-21.365,-39.098
6.0319,-30.926,-37.873
4.4318,-22.108,-46.995
3.2714,-17.386,-35.051
-2.6398,-2.9144,-44.797
1.2954,13.15,-30.168
7.9112,17.394,-34.524
11.3,24.279,-38.933
5.7925,-7.6216,-32.82
2.2168,16.713,-32.977
4.8524,4.4819,-5.921
5.2487,14.735,-17.996
5.5843,18.838,-11.006
6.809,17.508,-2.9728
1.596,17.935,6.284
-2.6407,15.475,5.6019
5.1792,14.693,-8.6464
4.539,9.5295,-11.463
5.2841,8.4272,-21.451
0.90855,7.7161,-7.1944
-4.2827,10.275,-5.9636
-0.98105,-23.077,-17.071
5.2288,-39.913,-13.431
-0.86516,-54.05,-3.0822
-2.8178,-41.028,-12.837
-4.287,-41.269,-9.6043
-2.573,-25.957,-9.6899
-0.79149,-28.474,-7.6918
4.8065,-22.678,-10.856
3.0512,-15.652,-10.795
-2.702,-16.213,-18.37
10.12,-8.4616,-11.05
6.9765,-1.8,13.93
4.681,-0.72606,12.978
6.6269,-5.7538,14.015
7.7732,-8.1469,8.0152
7.0723,-16.222,6.2798
7.0264,-23.422,8.5464
13.624,-20.839,9.2294
8.8886,-27.623,7.3943
14.918,-13.051,2.2045
8.7883,6.0731,-1.2125
6.346,-23.16,-3.0222
4.0886,-7.0073,-12.17
0.66423,-14.885,-4.2708
-2.4008,-20.694,-5.2669
-6.1138,-29.459,12.022
-3.7626,-39.324,4.1885
-6.0767,-38.32,6.3873
10.753,-29.716,14.076
6.9025,-8.8713,9.0743
8.0553,-8.9748,12.25
9.3648,-4.2693,12.206
17.487,20.731,-10.271
21.02,30.656,-30.492
14.908,42.275,-31.523
13.236,23.307,-34.508
0.35724,9.532,-50.906
7.2982,-13.515,-57.095
20.842,-11.728,-52.775
19.282,-11.599,-44.838
15.909,-8.4145,-17.877
9.2026,-3.8767,-13.805
4.5309,1.9586,-7.8196
25.617,18.134,-13.361
25.618,12.203,-5.5583
18.557,9.5822,1.5022
-0.17988,9.9022,8.1284
2.7084,6.4122,3.0475
-3.8303,5.7425,-8.6819
-1.843,2.2333,-2.6398
6.436,-6.974,7.3092
-2.7175,-35.251,2.5861
-4.085,-25.28,7.6461
-6.3311,-2.5196,1.6807
-1.9222,5.7035,2.6102
-2.5267,16.503,-9.4698
0.46472,20.621,6.3825
0.48913,10.585,2.3432
3.6239,23.882,-10.051
-13.688,42.6,5.2358
-6.6877,34.804,9.2136
0.082451,19.063,18.398
2.0279,16.849,16.404
1.7502,-4.5655,17.44
-2.6655,-41.572,7.9652
-2.1031,-54.757,2.9738
-7.5724,-61.545,-10.718
-4.7102,-70.184,-24.587
-0.55122,-67.834,-36.739
0.88239,-58.534,-45.968
2.748,-52.366,-50.168
5.0667,-52.832,-49.214
16.408,-48.89,-56.827
14.903,-39.479,-56.081
6.4525,-37.562,-32.794
9.3763,-34.2,-27.017
6.7759,-12.586,-18.894
7.7363,17.561,-8.0647
1.7647,14.851,-13.705
-5.4153,15.779,-20.336
-6.1141,29.829,-13.598
-1.2777,40.325,-6.525
2.2476,49.159,-14.619
0.6102,34.421,-30.531
4.3672,25.216,-31.698
3.9693,18.102,-40.687
6.3523,20.423,-35.001
10.941,12.59,-26.152
3.7587,5.626,-26.758
-1.4803,10.496,-20.665
13.148,8.388,-5.3086
12.818,4.1789,20.697
8.3509,11.774,27.95
3.1036,15.548,28.258
5.5755,15.817,24.262
2.8116,23.54,18.219
9.3652,25.224,16.864
11.511,14.892,1.9681
0.99241,12.33,-15.528
-0.44108,9.781,-22.336
1.458,4.7292,-27.602
-2.7666,-4.8477,-23.342
-8.6483,-14.562,-10.816
-2.57,-23.659,-10.768
-10.011,-29.503,-4.1344
-2.3613,-8.4974,4.4927
17.082,-21.066,10.24
12.167,-12.311,14.328
8.0847,-6.9455,11.419
9.0093,0.77738,18.176
12.093,10.598,9.6681
14.982,12.118,11.34
15.704,1.2043,4.0597
9.6133,-14.216,5.3969
-7.6093,1.7278,8.5553
-3.23,3.88,-1.7789
4.3284,-10.022,1.1667
7.2281,-10.953,-0.012849
11.386,-20.074,0.97381
5.5756,-16.469,-2.8923
4.818,-17.647,3.1888
3.0846,-15.55,4.2335
3.0512,-7.5091,-4.9726
1.7213,-15.504,8.3197
-4.473,-15.351,13.675
-2.9577,-20.502,5.8698
-10.08,2.1859,4.0839
-9.8936,7.1938,-8.7002
-9.3905,7.748,-13.448
-8.5772,15.43,-15.475
-12.819,8.1208,-9.8649
-9.9545,8.068,-24.782
-11.878,7.5897,-49.504
-11.389,-1.7964,-55.437
-5.1518,-17.831,-61.339
1.6131,-21.47,-43.545
5.7953,-23.163,-49.728
13.79,-23.702,-51.152
16.38,-21.319,-52.435
13.506,-14.701,-41.588
21.82,-10.837,-23.212
20.131,-12.326,-11.286
18.97,-6.0096,-10.193
11.976,6.3485,-7.1111
10.562,13.204,-11.205
2.5831,-8.4392,-23.56
9.0675,-16.852,-25.744
12.612,-16.942,-29.02
-0.37898,-9.6862,-37.315
1.0917,-0.063602,-26.36
3.481,2.4996,-28.779
3.6061,-3.6781,-24.787
5.9406,-13.123,-9.7157
6.4043,25.965,-3.9404
1.8117,26.453,-2.8528
1.3606,19.817,0.28898
10.292,20.301,0.78728
3.2307,16.196,-26.914
3.0502,13.371,-28.865
11.089,15.064,-39.357
9.1997,16.827,-39.456
10.852,-9.3997,-20.855
10.303,-30.99,-21.994
9.5855,-23.523,-23.028
6.2688,-16.747,-15.983
12.316,-8.593,-16.463
8.0653,-8.8364,-17.339
5.5896,-21.584,-0.89469
-2.8319,-18.613,0.51073
1.2271,-25.751,-8.3466
-1.9475,-22.858,7.8712
-3.3276,-22.001,11.058
6.619,-7.7206,6.6892
8.519,-21.758,15.612
11.872,-24.438,21.277
10.708,-21.437,3.0187
19.201,-25.643,4.5601
12.449,-8.1303,-2.1913
12.905,4.3659,-31.336
20.289,14.129,-30.87
5.8525,13.881,-42.257
3.6105,14.247,-27.095
5.764,14.056,-20.142
0.63263,16.305,-19.973
-6.0198,18.676,-21.71
-3.8473,24.755,-22.929
-4.5537,7.6262,-17.746
-14.629,9.8387,-36.138
-8.9201,17.903,-13.366
-6.3961,19.589,-31.424
-5.5835,17.385,-25.329
-3.7598,22.236,-32.492
3.293,19.59,-40.746
4.3024,14.911,-53.732
12.732,17.318,-42.238
17.055,13.418,-27.485
14.532,14.88,-32.577
12.824,-5.7273,-19.434
2.4406,-13.945,-22.006
-2.8126,-19.804,11.355
-8.3592,-21.454,14.717
-8.0809,-11.172,11.935
-16.68,-0.65825,0.43293
-13.472,-10.422,-6.452
-9.9876,-10.878,-18.144
-5.9438,-5.5279,-31.151
1.7536,-1.5698,-42.45
8.2503,-5.3111,-57.573
12.374,-21.43,-65.916
19.286,-35.964,-28.225
22.697,-41.201,-32.567
17.848,-25.567,-18.366
19.142,-7.7847,-18.712
15.606,-6.4501,-10.914
13.849,-15.004,-13.84
12.841,-17.679,-6.8581
10.957,-21.955,10.246
2.2464,-20.133,-12.468
1.3972,-25.755,1.7842
4.1261,-23.425,-4.3374
-3.2185,-24.524,6.1025
-8.7278,-30.307,0.6575
-7.9751,-20.711,15.576
-2.4165,-5.0183,3.3961
0.83069,3.4721,0.27517
10.099,1.6726,-9.9778
12.236,5.7099,-10.163
11.659,-16.013,-0.15387
18.045,-4.424,-9.5861
19.869,4.4847,-1.9166
17.652,-11.795,-14.071
9.1977,-1.4661,-8.812
9.3326,6.0322,-9.9005
5.2171,19.058,-9.052
0.33314,20.288,-16.869
-4.1863,29.597,-22.91
-10.771,20.723,-6.2832
-2.4349,24.53,-12.662
1.1388,16.442,-9.5642
1.0737,17.745,-24.589
1.8988,16.742,-9.5999
-2.1385,9.2741,4.841
-6.2879,7.5806,8.1621
-4.0068,-3.2765,-4.9113
-1.9705,-1.7396,-11.207
-4.2801,-11.099,-7.9438
-4.5112,-19.033,7.3071
-3.7807,-17.575,14.314
-4.3911,-13.811,1.3016
1.536,-8.7678,-5.0816
7.4135,-8.0131,6.5898
11.409,-18.289,12.593
12.107,-25.394,8.7058
1.7202,16.257,6.6323
6.0324,48.729,-7.8652
13.425,58.663,-10.257
12.685,59.761,-14.228
8.0211,62.513,-13.108
5.0214,61.128,-16.971
8.4806,62.079,-4.2099
8.637,41.751,-25.319
16.861,-6.7138,-28.16
16.93,-25.786,-33.155
10.69,-31.712,-28.006
14.018,-37.652,-29.159
12.645,-29.933,-40.042
15.507,-16.025,-31.386
4.4579,-11.077,-46.973
24.083,5.297,-17.267
13.403,4.8115,-15.976
6.2215,8.88,-7.8546
-1.0192,9.3614,-14.582
-11.468,11.493,0.9055
-4.7319,15.194,2.6235
-7.6519,12.315,-16.123
1.8246,13.708,-8.5118
-14.814,-0.90441,-4.3298
-3.4123,-20.995,-5.7002
-1.4864,-19.874,-6.476
1.3437,-20.043,15.681
2.8253,-31.567,-0.50615
-1.7758,-42.329,10.769
12.6,-51.899,1.2445
12.583,-30.386,-5.8223
13.274,-14.491,-4.0228
8.7852,-15.406,-3.6734
8.83,-3.4638,5.1038
11.399,-16.096,-8.0398
13.805,-24.03,0.84052
20.446,-13.044,2.4077
7.2382,-1.8121,26.734
2.5136,2.1182,25.913
2.1663,-4.8111,2.2037
2.4959,4.0644,20.06
16.384,-16.896,23.064
18.434,-9.818,28.744
18.855,7.6748,34.756
9.8279,-1.268,37.091
7.5649,-9.0662,28.275
5.5669,-7.4024,33.261
2.0414,-17.672,45.31
-1.9331,-10.341,28.42
-17.83,10.162,18.697
-21.075,-5.2349,12.127
-16.7,-11.982,9.1564
-12.735,-6.9574,-1.7077
-13.473,-5.0075,-1.3632
-10.383,-5.0324,-8.1957
-21.536,14.347,-7.9571
-5.6974,6.9339,-18.304
-3.5362,7.4863,-22.334
-5.3239,17.587,-18.491
-1.5422,10.503,-27.485
-3.3561,12.985,-8.4432
2.3533,3.1175,-6.8056
-0.085405,-35.847,1.5137
10.525,-67.272,1.3651
3.0577,-73.221,22.682
10.354,-54.064,14.401
17.618,-76.746,7.2958
6.2076,-59.119,12.877
8.4906,-67.503,10.747
8.1146,-72.321,16.761
13.807,-64.939,13.232
11.834,-59.007,0.07475
4.5298,-37.233,-10.203
-0.19747,-37.708,7.0117
2.9439,-34.452,23.831
8.1691,-25.468,30.363
1.2263,5.4001,29.772
-2.2597,15.493,22.891
-3.902,26.904,17.169
4.8628,29.857,24.012
14.745,6.6785,24.991
11.592,38.804,14.977
14.153,62.044,5.5215
12.376,51.247,5.4499
17.403,47.073,3.9565
20.49,35.842,7.7727
18.29,31.878,11.67
13.127,25.84,19.833
9.3038,22.018,27.952
11.983,12.198,29.99
3.1745,8.4312,33.427
1.258,-14.64,7.7996
-2.0314,-12.669,-5.8574
-3.8356,-7.492,-13.7
0.38678,-13.471,-10.935
2.2799,-15.922,-20.112
-2.8655,-36.267,-29.016
0.59169,-36.777,-28.148
-0.19999,-51.96,-38.048
3.7552,-51.275,-22.378
3.4352,-39.462,-13.163
7.2395,-26.732,8.6674
3.628,-24.177,6.9468
5.3729,-16.905,11.819
12.389,-19.438,19.629
6.6949,-13.21,18.719
1.9291,-13.362,6.9556
1.028,-12.439,16.041
2.0459,-5.1835,7.831
-4.4886,2.6572,-17.088
-3.0099,-1.4933,-16.991
-2.1625,-7.5553,-23.799
-0.91593,-22.459,-41.98
-4.138,-14.442,-62.752
-0.68558,-9.0978,-41.803
4.4872,-6.1315,-55.011
6.669,5.164,-49.01
6.7255,14.42,-51.054
7.077,20.657,-51.149
5.6817,28.63,-46.296
5.2156,23.366,-50.156
9.7283,4.3263,-25.184
10.119,20.309,-35.586
3.3803,24.627,-30.414
-0.53184,10.937,-24.189
3.8833,-10.561,-27.975
5.3568,-3.7697,-33.325
6.5955,-16.767,-32.119
4.9786,5.2933,-22.061
16.722,35.375,-14.808
15.912,29.26,-13.721
14.683,31.195,-21.861
13.701,11.569,-30.988
15.063,-1.4547,-44.167
14.342,-2.2961,-40.087
7.7196,5.343,-31.017
5.7397,3.5384,-29.887
-5.7337,-6.9265,-54.431
-3.9967,-1.7972,-43.381
-5.5719,-10.456,-44.872
-1.0596,-3.602,-47.081
-7.6391,1.4921,-20.786
-6.1685,2.8859,-3.7451
2.3331,-7.3359,-19.138
5.1,-4.1559,-23.582
6.2468,-10.418,-10.65
5.5742,-14.035,-14.654
8.9497,-32.705,-10.97
12.317,-39.063,-7.3959
25.448,-43.193,-14.253
20.593,-25.189,-42.278
9.0877,-12.834,-41.957
11.561,-37.505,-30.905
8.6188,-13.964,-17.694
8.8466,2.9632,-13.725
6.2976,12.778,-5.6464
-0.18095,10.262,-14.156
-6.1162,-14.585,-4.6031
-4.6175,-25.33,16.502
-1.8285,-26.148,25.363
-11.354,-25.065,19.777
-8.585,-32.997,9.6061
-5.7021,-35.025,1.4023
2.918,-22.558,1.9544
1.9792,-35.986,1.0962
-1.9628,-30.554,-10.949
-6.676,-31.347,-14.709
-2.648,-23.58,-24.676
5.4423,-15.527,-11.985
7.4371,-13.917,-0.0032093
0.68189,-2.6044,17.701
0.94601,-9.1585,12.018
0.86083,10.693,18.984
10.488,17.77,30.61
18.689,25.411,13.031
16.316,24.586,26.099
1.0049,10.22,27.813
1.8756,21.156,8.6546
9.7693,14.609,-6.82
2.254,28.4,1.2598
4.3144,35.004,3.0362
-0.029637,18.506,7.3581
-2.4139,2.6415,21.744
3.6488,11.467,3.4998
19.727,21.432,1.5555
12.846,23.029,11.709
2.5422,23.985,1.0703
4.6996,-10.289,-5.0275
11.235,-39.478,-0.15068
13.801,-49.256,-13.401
12.93,-54.912,-8.4348
2.9459,-43.149,-5.0019
3.8147,-50.672,-12.973
7.6207,-54.125,-18.113
7.4912,-53.116,-5.1238
6.73,-57.15,-5.9586
1.9224,-29.846,1.2554
0.24827,-12.682,9.3295
3.9012,0.55433,-9.9438
4.1477,5.3487,-5.9442
1.7591,3.7074,-3.725
-9.1445,7.1231,-6.2255
-1.2436,9.1579,-11.522
0.96825,13.371,-17.732
1.1697,8.4465,-27.631
-0.43188,7.0898,-18.503
-6.9519,1.8176,4.0179
-0.65958,1.6103,7.8433
-2.6577,4.4079,10.941
9.065,-2.4883,11.622
8.5481,-1.0662,12.573
14.283,-0.31701,16.25
12.914,0.59168,27.187
12.406,0.77597,20.097
10.344,1.7806,7.0594
7.7992,-3.4445,5.2307
6.9767,1.3321,-14.929
10.224,2.9479,-17.197
8.6954,15.335,-10.206
-3.847,13.307,3.626
2.7039,15.817,-4.5352
-1.7671,13.982,-11.164
-3.8292,18.573,-7.0747
-1.758,22.666,-5.2076
-1.6721,15.242,11.059
-3.8511,1.8843,3.2514
-4.503,-6.7446,-5.6014
-2.0257,-6.6212,-16.766
-4.4439,-7.2505,-25.66
-4.4873,-7.6886,-22.609
5.528,-16.953,-27.791
4.6322,-15.645,-7.7658
6.6947,0.73969,-18.965
10.309,9.5674,-3.2088
10.322,12.577,8.7276
11.09,19.572,2.4533
6.4598,19.332,18.611
10.155,6.7922,0.35485
2.5155,1.4802,14.557
-3.1975,-2.6057,-13.234
-12.74,7.0062,-14.062
-5.8423,2.4705,-19.223
1.56,2.7293,-19.572
0.63425,-0.61049,-21.48
0.11459,5.5178,-27.629
6.7493,31.24,-12.753
15.726,24.097,-21.451
10.311,29.739,-12.417
21.082,-1.4907,-10.516
9.7151,-7.2468,-9.1336
5.2477,-9.9238,-20.995
5.4452,-4.3315,-22.861
11.65,-2.0456,-19.048
4.4412,6.2656,-4.885
-7.4351,5.1332,5.7761
8.0415,-3.4722,1.4242
5.14,1.7508,13.456
2.3843,2.2467,12.591
2.3475,-11.854,20.66
4.0054,-13.974,33.462
-0.49615,-14.738,26.558
-3.2266,-16.32,4.6728
2.7967,-22.643,2.5783
-2.6576,-19.525,-0.22963
0.84854,-11.831,11.466
12.481,-25.764,-3.3091
5.7478,-15.486,-5.0217
5.7823,-6.1924,-30.123
2.2863,-12.428,-33.659
5.0247,-10.464,-30.697
-3.6695,-18.8,-37.346
-4.2528,-10.36,-25.248
-9.4506,-31.405,-34.504
-18.843,-9.9866,-10.555
-10.597,-14.01,-12.715
-7.177,-22.402,17.491
2.4148,-16.662,30.983
9.9215,-18.824,23.662
20.631,-11.592,12.846
16.38,-13.094,3.8862
21.272,0.95541,2.4821
26.502,4.9011,-11.875
20.254,4.9788,-6.6657
17.299,6.8294,-20.661
4.3829,2.7101,-26.982
-2.7388,9.3346,-23.762
-4.9643,6.0444,-14.441
2.1682,12.169,-10.848
-5.8041,2.347,-7.5337
-6.1897,4.6,25.311
2.3388,4.652,13.792
5.4904,-0.45375,17.651
17.276,13.07,11.937
15.178,13.923,17.008
12.089,15.055,15.09
12.651,8.4511,11.217
21.433,30.494,7.7125
18.422,9.7281,-37.971
19.612,5.4746,-27.125
19.31,8.1136,-28.406
16.232,2.2999,-19.292
21.779,-7.1627,-26.836
18.817,-14.34,-27.949
10.214,-16.329,-20.804
8.9351,-21.374,-22.772
-1.8718,-17.521,-1.4497
-9.7129,-23.413,-12.869
-7.3716,-27.031,-19.718
-11.795,-17.872,-26.597
-13.755,-19.469,-20.275
-8.3091,-23.528,-24.211
-6.4603,-16.16,-21.323
-3.6009,-15.693,-22.354
5.4831,-19.175,-29.616
11.339,-17.112,-18.939
0.57403,-10.074,-11.673
2.725,-15.647,-13.587
6.159,-23.213,-11.508
7.5218,-19.094,-1.6484
8.3498,-32.285,-10.576
0.64071,-29.613,-8.4036
1.0103,-33.337,-0.3265
-5.3156,-31.145,-0.049911
6.5067,-25.916,-11.277
5.3391,-2.5076,-4.3907
-5.6674,15.841,4.872
-6.8077,21.06,-2.0204
-0.97321,23.488,-9.2294
2.7972,18.553,-13.219
0.85008,28.374,-23.389
7.3139,18.588,-27.424
-3.4848,8.6628,-23.019
5.1493,-4.4708,-34.237
9.8565,-8.9745,-42.509
0.60339,-17.55,-29.949
1.9024,-15.73,-26.038
-10.916,1.2276,-31.856
-10.657,-12.459,-41.396
-4.9099,1.4485,-44.895
3.6642,-1.1969,-46.213
1.4027,-1.136,-37.126
6.0198,-7.0981,-32.192
14.251,-0.085376,-42.462
8.2798,11.449,-42.369
22.374,-1.1372,-35.622
21.248,13.295,-39.035
19.351,6.571,-30.874
11.333,14.85,-44.873
10.188,-10.332,-47.803
3.9203,-22.267,-43.563
1.9178,11.333,-34.973
11.865,10.371,-30.253
5.6389,-15.986,-44.179
6.2453,-13.86,-24.197
-5.9111,-15.54,-22.532
-1.2851,-13.066,-17.658
-0.076004,-11.801,-13.654
2.6067,-7.9566,-13.822
-0.78623,-16.487,-30.417
-12.51,-11.456,-21.862
-9.0621,-15.432,-1.6914
-0.52646,-9.5671,4.9154
6.4804,-5.5891,7.5139
1.5302,-14.616,24.023
-6.2642,-12.397,20.45
-5.6029,-12.699,18.604
3.222,-10.706,30.283
5.5248,-9.1753,18.163
7.3092,-8.8483,4.0383
4.0365,-15.983,-11.64
10.652,-19.834,-13.831
15.864,-18.38,-14.157
21.141,-35.313,-16.663
21.212,-25.109,-28.865
15.632,-20.061,-22.738
23.896,-7.7384,-30.118
19.435,10.277,-16.321
16.923,3.0494,-8.3898
14.027,0.90068,-14.488
5.5134,6.4602,-10.458
2.6895,7.6429,4.5271
4.3932,2.4626,14.515
1.1258,4.2397,14.561
-5.2407,20.863,21.742
-5.723,4.2247,11.108
-16.62,2.1172,6.7072
-20.424,14.675,-2.9307
-6.1791,-9.9348,-9.106
-5.8754,-23.133,-2.8543
-2.3095,-21.866,1.1996
-2.4485,-26.135,1.5196
2.6495,-30.252,0.57023
5.0086,-23.98,-3.5958
16.85,-22.721,-2.1417
20.017,-19.296,1.532
14.467,-16.985,6.6063
15.41,-12.865,-4.6591
8.2712,-9.7356,-9.5303
10.423,-10.653,-26.65
10.628,-6.6633,-19.841
10.428,-10.912,-22.8
19.237,-9.7208,-24.658
9.8687,-19.033,-38.259
7.9286,-26.264,-38.081
5.0037,-32.121,-39.805
8.7527,-26.247,-45.163
8.9876,-15.46,-31.557
1.9636,-15.683,-40.292
1.2376,-0.93196,-15.259
-9.6327,22.119,-11.215
-5.4578,26.648,6.641
-6.2717,37.983,6.4051
-6.551,39.077,14.408
-8.5462,30.522,18.786
-9.0469,22.28,8.1357
-6.6224,19.83,22.229
1.8859,10.74,14.795
9.5037,0.75227,19.469
7.3939,-21.015,12.35
5.8789,-43.365,4.5214
8.2364,-50.604,5.3573
8.0447,-56.025,15.368
6.2576,-39.981,20.601
7.0955,-49.763,-9.4458
-0.54874,-52.859,-13.096
-5.8044,-26.89,-36.9
0.40131,-5.4268,-24.95
-0.18066,14.06,-11.998
10.655,16.651,-23.341
12.701,13.78,-20.67
5.9905,12.066,-17.177
2.3935,21.621,19.866
3.0949,8.1188,16.919
-0.55847,5.8595,32.988
-0.6439,-4.3932,31.219
-0.20745,-12.59,33.448
-7.965,-12.792,39.902
-6.549,1.4936,29.94
-1.355,22.674,15.36
3.6223,26.539,11.092
7.3463,28.009,36.833
10.69,24.326,30.655
15.821,30.218,30.054
14.141,34.66,13.743
12.496,32.398,2.6585
9.5081,15.005,-3.2454
10.31,16.569,1.6987
26.851,-3.5765,2.4811
19.391,-15.612,-27.341
17.112,-19.315,-20.411
4.8005,-24.194,-10.866
5.1215,-49.286,-1.8047
1.3993,-60.517,-13.661
-0.20289,-42.962,1.4776
5.2577,-28.632,4.1566
-7.54,-3.1149,-3.8239
-8.5174,14.249,4.2349
-11.44,15.692,-3.34
-11.314,14.553,-25.027
-12.311,15.521,-36.769
-23.524,9.899,-24.796
-10.8,12.25,-24.13
-12.697,-9.8627,-16.81
-21.33,-25.207,-10.073
-13.946,-45.356,-21.134
-1.3196,-49.138,-7.7085
-1.2459,-39.73,-11.664
9.2925,-30.141,-11.243
29.374,-32.667,0.47492
20.772,-42.762,-5.2922
22.106,-48.438,-10.459
28.428,-48.452,-19.966
26.922,-26.436,-26.09
19.977,-11.747,-19.995
17.769,1.2407,11.84
15.325,0.44161,17.958
8.9229,9.7992,11.958
7.6915,8.8412,5.0059
2.6975,10.743,2.1393
0.42593,7.5028,-4.6748
2.2881,12.446,13.134
1.2864,3.7464,9.4039
6.7993,0.98523,-9.7543
5.9671,23.797,-2.0323
5.3067,8.1938,-3.761
4.837,18.308,-3.7612
5.0504,7.0726,5.3667
4.858,-0.10815,15.491
8.1868,7.661,23.447
2.3612,17.464,16.583
5.2253,18.676,27.532
-0.62679,2.7997,19.946
-5.8846,5.5441,14.997
2.4507,-1.6417,19.774
5.1405,13.953,21.51
1.864,26.42,15.425
-3.8718,13.184,-4.2294
2.285,13.012,2.3726
-2.9342,9.9655,-9.4242
3.262,4.7223,-6.6054
9.5632,-2.5466,-0.75957
2.4027,3.8908,-1.6538
4.6597,-22.036,-17.676
8.6893,-32.753,-13.931
13.138,-40.019,-8.1893
10.547,-49.057,-7.0102
16.268,-43.668,-11.482
9.9003,-47.568,-15.191
5.876,-46.525,-13.015
6.4183,-47.413,-22.966
7.2209,-42.906,-20.043
9.0606,-47.298,-21.971
4.4042,-43.626,-26.778
3.5354,-22.65,-28.581
1.2587,-13.178,-17.255
0.44855,1.1437,-17.28
1.2013,-15.481,-19.248
-4.9913,0.26082,-24.99
-3.5195,9.6875,-30.059
-3.3567,18.838,-37.174
0.38003,13.731,-36.127
-7.4886,22.636,-53.956
-1.0308,15.921,-50.999
7.4858,10.5,-49.232
3.4783,7.5754,-58.998
13.421,18.89,-43.428
17.555,28.269,-44.577
16.99,40.444,-28.801
15.391,53.112,-22.158
20.989,24.812,-9.2738
9.0525,16.048,-10.971
2.9044,16.723,-7.9758
9.3712,20.996,-9.5866
11.121,31.77,-5.652
-1.2164,26.356,-2.3326
-9.2901,12.312,-2.7473
-14.444,0.43076,-4.1578
-9.6432,7.1434,-8.4283
-4.7133,0.84533,-8.4248
-5.5275,-5.7598,-16.149
-5.8003,-31.228,-12.923
-14.406,-46.471,-5.2772
-14.528,-57.949,-3.8881
-4.2356,-37.162,0.87646
-3.1959,-23.918,-8.0697
-6.6345,-24.506,-7.5518
-4.7079,-8.3586,-17.406
-1.8564,3.2306,-20.43
3.4746,-11.835,-14.351
13.763,5.3229,-9.0525
15.736,17.673,-3.4887
12.367,39.734,-23.495
18.32,49.789,-18.853
16.341,54.579,-9.8849
17.015,66.285,-10.388
17.867,66.688,1.3585
10.638,69.591,-6.6519
-3.3323,63.871,-31.021
-7.652,38.934,-34.027
-0.90911,11.63,-29.144
-3.4861,16.148,-34.162
8.6711,13.08,-45.698
5.791,-7.6354,-42.457
-2.2608,-18.365,-47.014
1.3556,0.16214,-49.16
8.0907,6.5655,-30.365
9.9732,9.8551,-35.057
0.65038,9.6779,-32.65
0.29743,6.9811,-28.513
-9.0822,8.0606,-11.015
4.2143,-10.798,4.4066
12.08,-21.074,6.9226
7.7067,-28.658,9.0352
6.7815,-31.012,5.9846
9.9498,-28.972,-1.3234
8.711,-16.846,7.6894
10.523,6.7119,19.697
12.263,23.536,11.516
7.497,36.573,0.51394
4.5699,40.827,-7.3941
7.558,23.347,-20.588
