x,y,z,roll,pitch,yaw
-164.06,-703.13,15969,-2.373,0.549,-76.69
-140.63,-679.69,15703,-2.379,0.549,-76.69
-187.5,-664.06,16055,-2.373,0.549,-76.69
-195.31,-601.56,16297,-2.368,0.549,-76.69
-39.063,-703.13,15828,-2.379,0.544,-76.69
-226.56,-679.69,15648,-2.379,0.549,-76.69
-187.5,-617.19,16141,-2.368,0.544,-76.69
-101.56,-656.25,16133,-2.373,0.544,-76.69
-179.69,-687.5,15789,-2.379,0.544,-76.69
-257.81,-671.88,15922,-2.379,0.549,-76.69
-85.938,-617.19,16039,-2.368,0.544,-76.69
-156.25,-601.56,16078,-2.368,0.544,-76.69
-273.44,-695.31,16094,-2.379,0.544,-76.69
-125,-710.94,15773,-2.379,0.544,-76.69
-54.688,-640.63,15852,-2.368,0.544,-76.69
-257.81,-625,16328,-2.368,0.549,-76.69
-148.44,-695.31,15977,-2.373,0.544,-76.69
-171.88,-656.25,15656,-2.379,0.549,-76.69
-250,-617.19,16063,-2.368,0.549,-76.69
-117.19,-648.44,16250,-2.368,0.544,-76.69
0,-664.06,15953,-2.373,0.544,-76.69
-281.25,-734.38,15781,-2.379,0.555,-76.69
-164.06,-703.13,16055,-2.368,0.544,-76.69
-85.938,-609.38,16055,-2.368,0.544,-76.69
-195.31,-648.44,16102,-2.373,0.549,-76.69
-164.06,-726.56,15758,-2.379,0.549,-76.69
-93.75,-671.88,15797,-2.368,0.549,-76.69
-179.69,-562.5,16203,-2.362,0.549,-76.69
-93.75,-671.88,16164,-2.368,0.549,-76.69
-117.19,-710.94,15711,-2.379,0.549,-76.69
-265.63,-671.88,15711,-2.373,0.549,-76.69
-109.38,-648.44,16320,-2.362,0.549,-76.69
-46.875,-695.31,16047,-2.368,0.549,-76.69
-234.38,-695.31,15680,-2.373,0.555,-76.69
-226.56,-687.5,15922,-2.368,0.549,-76.69
-85.938,-640.63,16156,-2.362,0.549,-76.69
-125,-640.63,15992,-2.368,0.549,-76.69
-250,-703.13,16008,-2.379,0.549,-76.69
-148.44,-718.75,15750,-2.373,0.549,-76.69
-109.38,-625,16047,-2.362,0.549,-76.69
-226.56,-640.63,16250,-2.368,0.549,-76.69
-109.38,-695.31,15945,-2.379,0.549,-76.69
-164.06,-664.06,15641,-2.373,0.549,-76.69
-242.19,-609.38,16242,-2.368,0.549,-76.69
-164.06,-687.5,16203,-2.368,0.544,-76.69
-62.5,-679.69,15844,-2.379,0.544,-76.69
-312.5,-679.69,15852,-2.373,0.549,-76.69
-179.69,-703.13,16203,-2.368,0.544,-76.69
-70.313,-632.81,16039,-2.368,0.544,-76.69
-234.38,-703.13,16008,-2.373,0.549,-76.69
-195.31,-695.31,15828,-2.373,0.549,-76.69
-31.25,-664.06,15984,-2.368,0.544,-76.69
-195.31,-609.38,16250,-2.368,0.549,-76.69
-148.44,-703.13,15992,-2.373,0.549,-76.69
-164.06,-703.13,15797,-2.379,0.549,-76.69
-257.81,-656.25,16016,-2.368,0.549,-76.69
-140.63,-664.06,16305,-2.373,0.544,-76.69
-109.38,-703.13,15867,-2.379,0.549,-76.69
-226.56,-695.31,15750,-2.379,0.549,-76.69
-171.88,-625,16133,-2.373,0.544,-76.69
-39.063,-640.63,16141,-2.373,0.544,-76.69
-148.44,-695.31,15844,-2.379,0.549,-76.69
-171.88,-687.5,15930,-2.379,0.549,-76.69
-70.313,-632.81,16055,-2.373,0.544,-76.69
-234.38,-656.25,16086,-2.368,0.544,-76.69
-109.38,-742.19,16000,-2.379,0.544,-76.69
-179.69,-695.31,15711,-2.379,0.544,-76.69
-195.31,-632.81,16117,-2.373,0.544,-76.69
-234.38,-687.5,16297,-2.368,0.544,-76.69
-39.063,-718.75,15805,-2.379,0.544,-76.69
-242.19,-656.25,15703,-2.379,0.549,-76.69
-164.06,-710.94,16297,-2.373,0.544,-76.69
-62.5,-632.81,16023,-2.368,0.544,-76.69
-148.44,-671.88,15867,-2.373,0.544,-76.69
-234.38,-671.88,15914,-2.379,0.549,-76.69
-31.25,-656.25,16086,-2.373,0.544,-76.69
-148.44,-671.88,16117,-2.368,0.544,-76.69
-234.38,-726.56,16039,-2.379,0.544,-76.69
-93.75,-710.94,15789,-2.379,0.544,-76.69
-125,-640.63,16055,-2.373,0.544,-76.69
-250,-632.81,16336,-2.368,0.544,-76.69
-46.875,-742.19,15891,-2.373,0.544,-76.69
-218.75,-695.31,15719,-2.379,0.544,-76.69
-226.56,-640.63,16219,-2.373,0.544,-76.69
-70.313,-625,16313,-2.368,0.538,-76.69
-70.313,-703.13,15852,-2.373,0.544,-76.69
-343.75,-703.13,15922,-2.379,0.544,-76.69
-125,-648.44,16203,-2.373,0.544,-76.69
-62.5,-656.25,16156,-2.368,0.538,-76.69
-195.31,-718.75,16070,-2.373,0.544,-76.69
-179.69,-750,15867,-2.379,0.544,-76.69
-101.56,-640.63,15977,-2.373,0.544,-76.69
-210.94,-640.63,16258,-2.368,0.544,-76.69
-132.81,-726.56,16211,-2.373,0.544,-76.69
-171.88,-742.19,15719,-2.379,0.544,-76.69
-210.94,-656.25,15992,-2.373,0.544,-76.69
-187.5,-632.81,16336,-2.368,0.544,-76.69
-62.5,-664.06,15961,-2.373,0.544,-76.69
-265.63,-718.75,15742,-2.379,0.549,-76.69
-210.94,-656.25,16039,-2.373,0.549,-76.69
-7.8125,-601.56,16133,-2.368,0.544,-76.69
-171.88,-710.94,16023,-2.373,0.549,-76.69
-312.5,-710.94,15984,-2.379,0.549,-76.69
-117.19,-664.06,15852,-2.368,0.544,-76.69
-117.19,-640.63,16219,-2.362,0.549,-76.69
-164.06,-710.94,16172,-2.373,0.549,-76.69
-117.19,-710.94,15742,-2.373,0.544,-76.69
-203.13,-671.88,15844,-2.368,0.544,-76.69
-210.94,-656.25,16297,-2.362,0.544,-76.69
-23.438,-718.75,16047,-2.373,0.544,-76.69
-187.5,-632.81,15695,-2.373,0.549,-76.69
-296.88,-664.06,16078,-2.368,0.549,-76.69
-78.125,-640.63,16203,-2.368,0.544,-76.69
-101.56,-617.19,16047,-2.373,0.544,-76.69
-273.44,-734.38,15922,-2.379,0.549,-76.69
-109.38,-703.13,15953,-2.373,0.544,-76.69
-101.56,-601.56,16148,-2.362,0.544,-76.69
-187.5,-695.31,16180,-2.368,0.544,-76.69
-140.63,-773.44,15969,-2.379,0.544,-76.69
-156.25,-695.31,15695,-2.373,0.544,-76.69
-203.13,-664.06,16266,-2.368,0.544,-76.69
-93.75,-695.31,16281,-2.368,0.544,-76.69
-93.75,-718.75,15805,-2.373,0.544,-76.69
-335.94,-671.88,15852,-2.373,0.549,-76.69
-140.63,-664.06,16227,-2.368,0.544,-76.69
-54.688,-617.19,16031,-2.368,0.544,-76.69
-140.63,-718.75,15875,-2.373,0.544,-76.69
-234.38,-687.5,15891,-2.373,0.544,-76.69
-85.938,-617.19,16039,-2.368,0.544,-76.69
-125,-640.63,16047,-2.368,0.544,-76.69
-195.31,-765.63,16094,-2.379,0.544,-76.69
-171.88,-703.13,15641,-2.373,0.544,-76.69
-164.06,-617.19,16063,-2.368,0.544,-76.69
-187.5,-640.63,16313,-2.368,0.544,-76.69
-7.8125,-726.56,15766,-2.373,0.544,-76.69
-273.44,-718.75,15664,-2.373,0.549,-76.69
-234.38,-695.31,16102,-2.368,0.544,-76.69
-39.063,-695.31,16094,-2.368,0.544,-76.69
-203.13,-695.31,15797,-2.373,0.544,-76.69
-296.88,-710.94,15852,-2.373,0.549,-76.69
-46.875,-656.25,16063,-2.368,0.544,-76.69
-101.56,-609.38,16016,-2.368,0.544,-76.69
-218.75,-687.5,16070,-2.373,0.544,-76.69
-101.56,-671.88,15742,-2.373,0.544,-76.69
-242.19,-601.56,16180,-2.368,0.544,-76.69
-179.69,-648.44,16219,-2.368,0.544,-76.69
-109.38,-742.19,15797,-2.373,0.544,-76.69
-304.69,-710.94,15719,-2.373,0.544,-76.69
-187.5,-609.38,16227,-2.368,0.544,-76.69
-70.313,-640.63,16133,-2.368,0.544,-76.69
-148.44,-710.94,15781,-2.373,0.544,-76.69
-312.5,-656.25,15945,-2.379,0.549,-76.69
-93.75,-656.25,16141,-2.368,0.544,-76.69
-93.75,-640.63,16070,-2.368,0.544,-76.69
-242.19,-703.13,16000,-2.373,0.544,-76.69
-234.38,-734.38,15758,-2.379,0.544,-76.69
-85.938,-554.69,15961,-2.368,0.544,-76.69
-234.38,-617.19,16289,-2.368,0.544,-76.69
-78.125,-734.38,15844,-2.373,0.544,-76.69
-171.88,-671.88,15672,-2.379,0.544,-76.69
-242.19,-617.19,16188,-2.373,0.544,-76.69
-46.875,-664.06,16289,-2.368,0.544,-76.69
-109.38,-710.94,15859,-2.373,0.544,-76.69
-289.06,-664.06,15750,-2.379,0.549,-76.69
-101.56,-625,16125,-2.373,0.544,-76.69
-39.063,-656.25,16117,-2.368,0.544,-76.69
-156.25,-687.5,15852,-2.373,0.544,-76.69
-218.75,-757.81,15797,-2.379,0.549,-76.69
-54.688,-625,15961,-2.373,0.544,-76.69
-148.44,-617.19,16195,-2.362,0.544,-76.69
-117.19,-687.5,16016,-2.368,0.544,-76.69
-132.81,-695.31,15703,-2.379,0.544,-76.69
-226.56,-625,15922,-2.368,0.549,-76.69
-70.313,-625,16250,-2.362,0.544,-76.69
-62.5,-742.19,15891,-2.368,0.544,-76.69
-218.75,-703.13,15586,-2.373,0.544,-76.69
-171.88,-656.25,16055,-2.368,0.549,-76.69
-93.75,-640.63,16188,-2.368,0.544,-76.69
-132.81,-648.44,15805,-2.368,0.544,-76.69
-257.81,-734.38,15906,-2.373,0.544,-76.69
-156.25,-640.63,16008,-2.368,0.544,-76.69
-85.938,-625,16008,-2.362,0.544,-76.69
-226.56,-687.5,16188,-2.373,0.544,-76.69
-164.06,-757.81,15734,-2.373,0.544,-76.69
-125,-695.31,15719,-2.368,0.544,-76.69
-242.19,-609.38,16336,-2.362,0.544,-76.69
-148.44,-687.5,16031,-2.368,0.544,-76.69
-109.38,-687.5,15727,-2.373,0.544,-76.69
-320.31,-656.25,15977,-2.368,0.549,-76.69
-54.688,-648.44,16313,-2.362,0.538,-76.69
-15.625,-695.31,15984,-2.368,0.544,-76.69
-203.13,-726.56,15867,-2.373,0.549,-76.69
-210.94,-679.69,15891,-2.368,0.544,-76.69
-15.625,-625,16094,-2.362,0.538,-76.69
-226.56,-648.44,16164,-2.373,0.544,-76.69
-171.88,-703.13,15883,-2.379,0.544,-76.69
-125,-695.31,15859,-2.373,0.549,-76.69
-257.81,-609.38,16195,-2.362,0.544,-76.69
-171.88,-640.63,16281,-2.368,0.544,-76.69
-125,-718.75,15867,-2.379,0.544,-76.69
-250,-656.25,15695,-2.373,0.549,-76.69
-132.81,-625,16320,-2.368,0.544,-76.69
-54.688,-632.81,16109,-2.368,0.544,-76.69
-132.81,-718.75,15688,-2.379,0.549,-76.69
-296.88,-703.13,15922,-2.373,0.549,-76.69
-109.38,-601.56,16094,-2.362,0.544,-76.69
-117.19,-632.81,16047,-2.368,0.544,-76.69
-242.19,-742.19,16180,-2.379,0.549,-76.69
-171.88,-726.56,15672,-2.373,0.549,-76.69
-195.31,-640.63,16070,-2.362,0.549,-76.69
-234.38,-640.63,16328,-2.368,0.549,-76.69
-54.688,-750,15906,-2.379,0.549,-76.69
-210.94,-695.31,15617,-2.373,0.549,-76.69
-203.13,-601.56,16203,-2.368,0.549,-76.69
-125,-664.06,16203,-2.368,0.544,-76.69
-46.875,-703.13,15828,-2.379,0.544,-76.69
-351.56,-679.69,15789,-2.373,0.549,-76.69
-117.19,-671.88,16180,-2.368,0.544,-76.69
-85.938,-609.38,16016,-2.368,0.544,-76.69
-226.56,-726.56,16039,-2.373,0.549,-76.69
-242.19,-718.75,15758,-2.373,0.549,-76.69
-31.25,-648.44,15953,-2.368,0.544,-76.69
-187.5,-632.81,16219,-2.368,0.549,-76.69
-117.19,-695.31,16086,-2.373,0.549,-76.69
-93.75,-726.56,15695,-2.379,0.549,-76.69
-234.38,-625,15922,-2.368,0.549,-76.69
-109.38,-679.69,16219,-2.362,0.549,-76.69
-140.63,-710.94,15883,-2.373,0.544,-76.69
-265.63,-695.31,15883,-2.379,0.549,-76.69
-70.313,-671.88,16352,-2.368,0.544,-76.69
-125,-640.63,16047,-2.368,0.544,-76.69
-210.94,-726.56,16031,-2.373,0.549,-76.69
-164.06,-742.19,15836,-2.379,0.549,-76.69
-117.19,-617.19,16047,-2.368,0.544,-76.69
-203.13,-656.25,16250,-2.362,0.549,-76.69
-132.81,-742.19,16078,-2.373,0.549,-76.69
-164.06,-710.94,15695,-2.379,0.549,-76.69
-226.56,-664.06,16180,-2.373,0.549,-76.69
-140.63,-664.06,16375,-2.368,0.549,-76.69
-31.25,-734.38,15867,-2.373,0.544,-76.69
-289.06,-703.13,15734,-2.379,0.549,-76.69
-179.69,-687.5,16250,-2.373,0.549,-76.69
-23.438,-632.81,16133,-2.368,0.544,-76.69
-148.44,-695.31,15859,-2.373,0.544,-76.69
-320.31,-695.31,15961,-2.379,0.549,-76.69
-62.5,-617.19,16031,-2.373,0.549,-76.69
-171.88,-625,16164,-2.368,0.544,-76.69
-257.81,-757.81,16164,-2.373,0.549,-76.69
-132.81,-757.81,15727,-2.379,0.549,-76.69
-132.81,-656.25,15945,-2.373,0.549,-76.69
-187.5,-640.63,16297,-2.362,0.549,-76.69
-39.063,-664.06,15930,-2.368,0.544,-76.69
-195.31,-687.5,15688,-2.373,0.549,-76.69
-296.88,-664.06,16125,-2.368,0.549,-76.69
-78.125,-664.06,16219,-2.368,0.544,-76.69
-85.938,-695.31,15961,-2.373,0.544,-76.69
-343.75,-687.5,15875,-2.373,0.549,-76.69
-140.63,-687.5,16023,-2.368,0.544,-76.69
-62.5,-617.19,16133,-2.362,0.544,-76.69
-203.13,-710.94,16109,-2.373,0.544,-76.69
-156.25,-742.19,15820,-2.379,0.544,-76.69
-125,-632.81,15852,-2.368,0.544,-76.69
-195.31,-601.56,16273,-2.362,0.544,-76.69
-85.938,-703.13,16188,-2.368,0.544,-76.69
-140.63,-710.94,15742,-2.373,0.544,-76.69
-265.63,-671.88,15805,-2.368,0.544,-76.69
-109.38,-640.63,16359,-2.362,0.538,-76.69
-23.438,-703.13,15961,-2.368,0.538,-76.69
-242.19,-710.94,15750,-2.373,0.549,-76.69
-234.38,-695.31,16078,-2.368,0.544,-76.69
7.8125,-656.25,16063,-2.362,0.538,-76.69
-109.38,-656.25,16023,-2.368,0.544,-76.69
-281.25,-718.75,15953,-2.373,0.544,-76.69
-117.19,-703.13,15797,-2.368,0.544,-76.69
-93.75,-648.44,16180,-2.362,0.544,-76.69
-210.94,-656.25,16188,-2.368,0.544,-76.69
-54.688,-750,15789,-2.373,0.544,-76.69
-265.63,-656.25,15656,-2.368,0.544,-76.69
-195.31,-640.63,16289,-2.362,0.544,-76.69
-117.19,-679.69,16078,-2.362,0.544,-76.69
-93.75,-679.69,15789,-2.373,0.544,-76.69
-367.19,-703.13,15961,-2.368,0.544,-76.69
-78.125,-648.44,16164,-2.362,0.538,-76.69
-93.75,-640.63,16047,-2.362,0.544,-76.69
-210.94,-734.38,15930,-2.373,0.544,-76.69
-109.38,-726.56,15734,-2.368,0.544,-76.69
-85.938,-617.19,16016,-2.357,0.544,-76.69
-171.88,-617.19,16164,-2.362,0.544,-76.69
-101.56,-710.94,16000,-2.373,0.544,-76.69
-234.38,-656.25,15609,-2.368,0.544,-76.69
-187.5,-625,16211,-2.357,0.544,-76.69
-85.938,-687.5,16313,-2.362,0.544,-76.69
-62.5,-734.38,15773,-2.373,0.544,-76.69
-289.06,-703.13,15773,-2.368,0.549,-76.69
-195.31,-640.63,16297,-2.362,0.538,-76.69
-70.313,-640.63,16070,-2.362,0.538,-76.69
-179.69,-703.13,15922,-2.368,0.544,-76.69
-289.06,-710.94,15922,-2.368,0.544,-76.69
-7.8125,-640.63,16023,-2.357,0.538,-76.69
-195.31,-625,16188,-2.357,0.544,-76.69
-218.75,-757.81,16094,-2.368,0.538,-76.69
-125,-710.94,15766,-2.368,0.538,-76.69
-156.25,-664.06,15930,-2.357,0.538,-76.69
-257.81,-617.19,16477,-2.357,0.538,-76.69
-62.5,-718.75,15875,-2.362,0.538,-76.69
-218.75,-710.94,15828,-2.362,0.544,-76.69
-296.88,-656.25,16094,-2.357,0.544,-76.69
-70.313,-671.88,16211,-2.357,0.538,-76.69
-109.38,-671.88,15969,-2.362,0.538,-76.69
-296.88,-742.19,15945,-2.362,0.544,-76.69
-85.938,-664.06,16086,-2.357,0.538,-76.69
-117.19,-593.75,16227,-2.357,0.538,-76.69
-265.63,-703.13,16086,-2.362,0.538,-76.69
-171.88,-757.81,15844,-2.368,0.544,-76.69
-164.06,-648.44,15852,-2.357,0.544,-76.69
-156.25,-625,16297,-2.357,0.544,-76.69
-85.938,-726.56,16133,-2.368,0.538,-76.69
-164.06,-710.94,15773,-2.368,0.544,-76.69
-273.44,-679.69,16031,-2.362,0.544,-76.69
-148.44,-695.31,16430,-2.362,0.538,-76.69
-85.938,-679.69,15922,-2.368,0.544,-76.69
-281.25,-742.19,15742,-2.368,0.549,-76.69
-101.56,-640.63,16188,-2.362,0.544,-76.69
-70.313,-632.81,16008,-2.357,0.544,-76.69
-234.38,-687.5,15953,-2.368,0.544,-76.69
-179.69,-710.94,15711,-2.373,0.544,-76.69
-54.688,-640.63,15898,-2.362,0.538,-76.69
-218.75,-593.75,16289,-2.357,0.544,-76.69
-117.19,-687.5,15938,-2.362,0.538,-76.69
-140.63,-718.75,15594,-2.368,0.544,-76.69
-210.94,-640.63,16047,-2.368,0.544,-76.69
-132.81,-648.44,16234,-2.362,0.538,-76.69
-62.5,-679.69,15852,-2.368,0.538,-76.69
-312.5,-679.69,15828,-2.368,0.544,-76.69
-125,-648.44,16148,-2.368,0.544,-76.69
-54.688,-601.56,16141,-2.357,0.538,-76.69
-171.88,-679.69,15922,-2.362,0.538,-76.69
-250,-734.38,15938,-2.368,0.538,-76.69
-93.75,-625,15828,-2.368,0.538,-76.69
-203.13,-578.13,16258,-2.357,0.538,-76.69
-179.69,-671.88,16195,-2.362,0.544,-76.69
-125,-718.75,15734,-2.368,0.538,-76.69
-304.69,-687.5,15828,-2.368,0.544,-76.69
-187.5,-648.44,16305,-2.357,0.544,-76.69
7.8125,-679.69,16031,-2.362,0.538,-76.69
-234.38,-656.25,15625,-2.368,0.544,-76.69
-265.63,-640.63,16055,-2.368,0.549,-76.69
-101.56,-664.06,16172,-2.362,0.544,-76.69
-93.75,-695.31,15984,-2.362,0.544,-76.69
-320.31,-703.13,15922,-2.368,0.549,-76.69
-109.38,-656.25,15969,-2.368,0.549,-76.69
-125,-656.25,16125,-2.357,0.544,-76.69
-171.88,-648.44,16313,-2.362,0.549,-76.69
-164.06,-695.31,15781,-2.373,0.549,-76.69
-171.88,-695.31,15734,-2.368,0.549,-76.69
-234.38,-601.56,16328,-2.362,0.549,-76.69
-125,-664.06,16172,-2.368,0.544,-76.69
-148.44,-703.13,15711,-2.373,0.549,-76.69
-343.75,-679.69,15930,-2.368,0.555,-76.69
-179.69,-664.06,16242,-2.362,0.549,-76.69
-39.063,-656.25,16086,-2.362,0.549,-76.69
-296.88,-703.13,15836,-2.368,0.555,-76.69
-171.88,-671.88,15953,-2.368,0.549,-76.69
-54.688,-609.38,16023,-2.357,0.549,-76.69
-179.69,-687.5,16195,-2.362,0.549,-76.69
-195.31,-718.75,15906,-2.373,0.549,-76.69
-132.81,-695.31,15727,-2.368,0.549,-76.69
-164.06,-640.63,16086,-2.357,0.549,-76.69
-195.31,-648.44,16328,-2.362,0.549,-76.69
-70.313,-703.13,15719,-2.368,0.549,-76.69
-257.81,-687.5,15641,-2.362,0.555,-76.69
-132.81,-640.63,16242,-2.357,0.549,-76.69
-70.313,-703.13,16055,-2.362,0.549,-76.69
-156.25,-671.88,15773,-2.368,0.549,-76.69
-328.13,-679.69,15906,-2.362,0.549,-76.69
-101.56,-664.06,16055,-2.357,0.544,-76.69
-109.38,-632.81,16102,-2.357,0.549,-76.69
-179.69,-718.75,16016,-2.368,0.549,-76.69
-125,-687.5,15781,-2.362,0.549,-76.69
-109.38,-593.75,15930,-2.351,0.549,-76.69
-171.88,-593.75,16359,-2.357,0.544,-76.69
-93.75,-710.94,15945,-2.362,0.544,-76.69
-109.38,-703.13,15578,-2.362,0.549,-76.69
-289.06,-656.25,16141,-2.357,0.544,-76.69
-62.5,-632.81,16281,-2.357,0.544,-76.69
-93.75,-710.94,15828,-2.362,0.544,-76.69
-289.06,-710.94,15875,-2.362,0.549,-76.69
-140.63,-664.06,16078,-2.357,0.544,-76.69
-23.438,-585.94,16094,-2.357,0.544,-76.69
-242.19,-695.31,16031,-2.362,0.544,-76.69
-210.94,-734.38,15820,-2.368,0.544,-76.69
-54.688,-625,15805,-2.357,0.544,-76.69
-187.5,-593.75,16289,-2.357,0.544,-76.69
-140.63,-734.38,16078,-2.362,0.544,-76.69
-109.38,-718.75,15711,-2.368,0.544,-76.69
-257.81,-664.06,15875,-2.357,0.544,-76.69
-117.19,-648.44,16336,-2.357,0.544,-76.69
-62.5,-648.44,16008,-2.362,0.544,-76.69
-265.63,-726.56,15633,-2.368,0.549,-76.69
-203.13,-648.44,16016,-2.362,0.544,-76.69
-54.688,-640.63,16156,-2.357,0.544,-76.69
-93.75,-687.5,15945,-2.362,0.544,-76.69
-296.88,-718.75,15805,-2.368,0.549,-76.69
-46.875,-664.06,16070,-2.357,0.544,-76.69
-125,-640.63,16258,-2.351,0.544,-76.69
-140.63,-734.38,15969,-2.362,0.544,-76.69
-148.44,-734.38,15758,-2.368,0.544,-76.69
-203.13,-671.88,16039,-2.362,0.544,-76.69
-156.25,-687.5,16336,-2.357,0.544,-76.69
-70.313,-687.5,15883,-2.357,0.538,-76.69
-273.44,-703.13,15766,-2.362,0.544,-76.69
-195.31,-679.69,16188,-2.362,0.544,-76.69
-70.313,-671.88,16070,-2.357,0.538,-76.69
-140.63,-734.38,15945,-2.362,0.538,-76.69
-281.25,-718.75,16000,-2.368,0.544,-76.69
-54.688,-640.63,15930,-2.362,0.538,-76.69
-179.69,-585.94,16164,-2.357,0.538,-76.69
-179.69,-726.56,16156,-2.362,0.544,-76.69
-125,-750,15734,-2.373,0.544,-76.69
-148.44,-656.25,15844,-2.368,0.544,-76.69
-250,-609.38,16344,-2.362,0.544,-76.69
-101.56,-671.88,16039,-2.362,0.538,-76.69
-140.63,-710.94,15805,-2.368,0.538,-76.69
-304.69,-664.06,16016,-2.368,0.544,-76.69
-70.313,-703.13,16266,-2.362,0.538,-76.69
-101.56,-664.06,15969,-2.362,0.538,-76.69
-265.63,-703.13,15953,-2.368,0.544,-76.69
-132.81,-679.69,15961,-2.368,0.544,-76.69
-78.125,-648.44,16055,-2.362,0.538,-76.69
-187.5,-703.13,16063,-2.368,0.544,-76.69
-164.06,-750,15891,-2.373,0.544,-76.69
-125,-679.69,15828,-2.368,0.544,-76.69
-195.31,-609.38,16281,-2.362,0.544,-76.69
-125,-726.56,16195,-2.368,0.544,-76.69
-85.938,-695.31,15695,-2.373,0.544,-76.69
-289.06,-695.31,16016,-2.368,0.544,-76.69
-187.5,-664.06,16234,-2.362,0.538,-76.69
-15.625,-671.88,15945,-2.368,0.538,-76.69
-218.75,-695.31,15797,-2.373,0.544,-76.69
-234.38,-695.31,15969,-2.368,0.544,-76.69
-15.625,-640.63,16016,-2.368,0.538,-76.69
-132.81,-710.94,15992,-2.373,0.544,-76.69
-273.44,-765.63,15945,-2.379,0.544,-76.69
-93.75,-703.13,15781,-2.373,0.544,-76.69
-156.25,-593.75,16086,-2.362,0.544,-76.69
-210.94,-632.81,16250,-2.368,0.544,-76.69
-93.75,-734.38,15789,-2.379,0.544,-76.69
-203.13,-695.31,15750,-2.373,0.544,-76.69
-242.19,-671.88,16266,-2.368,0.544,-76.69
-39.063,-648.44,16148,-2.373,0.538,-76.685
-156.25,-695.31,15797,-2.379,0.544,-76.69
-281.25,-648.44,15930,-2.373,0.549,-76.69
-54.688,-648.44,16219,-2.368,0.538,-76.685
-125,-640.63,16078,-2.368,0.544,-76.69
-273.44,-718.75,15930,-2.379,0.544,-76.69
-179.69,-765.63,15906,-2.373,0.544,-76.69
-78.125,-609.38,16055,-2.368,0.544,-76.685
-195.31,-671.88,16266,-2.368,0.544,-76.685
-125,-765.63,16031,-2.379,0.538,-76.685
-187.5,-726.56,15703,-2.379,0.544,-76.69
-195.31,-648.44,16164,-2.368,0.544,-76.685
-109.38,-656.25,16344,-2.373,0.544,-76.685
-93.75,-703.13,15883,-2.379,0.544,-76.685
-218.75,-687.5,15773,-2.379,0.549,-76.69
-125,-703.13,16266,-2.373,0.544,-76.685
-70.313,-679.69,16078,-2.373,0.544,-76.685
-132.81,-695.31,15930,-2.379,0.544,-76.685
-289.06,-734.38,15891,-2.379,0.544,-76.69
-93.75,-625,16031,-2.368,0.544,-76.685
-156.25,-554.69,16102,-2.368,0.544,-76.685
-218.75,-718.75,16195,-2.379,0.544,-76.685
-148.44,-734.38,15695,-2.384,0.544,-76.685
-179.69,-632.81,15922,-2.373,0.544,-76.69
-257.81,-609.38,16414,-2.368,0.544,-76.685
-39.063,-718.75,15969,-2.379,0.544,-76.685
-210.94,-703.13,15672,-2.379,0.549,-76.69
-289.06,-695.31,16078,-2.373,0.544,-76.685
-140.63,-687.5,16273,-2.368,0.544,-76.685
-109.38,-664.06,16008,-2.379,0.544,-76.685
-351.56,-710.94,15938,-2.379,0.549,-76.69
-125,-664.06,16031,-2.373,0.544,-76.685
-187.5,-648.44,16047,-2.368,0.544,-76.685
-179.69,-773.44,15977,-2.379,0.544,-76.685
-140.63,-742.19,15742,-2.384,0.544,-76.685
-164.06,-593.75,15875,-2.373,0.544,-76.685
-140.63,-625,16336,-2.368,0.544,-76.685
-93.75,-671.88,15813,-2.373,0.544,-76.685
-195.31,-718.75,15625,-2.379,0.544,-76.685
-210.94,-625,16125,-2.373,0.549,-76.685
-70.313,-671.88,16219,-2.368,0.538,-76.685
-125,-679.69,15734,-2.373,0.538,-76.685
-289.06,-703.13,16023,-2.379,0.544,-76.685
-101.56,-671.88,16000,-2.379,0.544,-76.685
-125,-625,16070,-2.368,0.538,-76.685
-234.38,-679.69,16125,-2.373,0.544,-76.685
-140.63,-726.56,15828,-2.384,0.544,-76.685
-101.56,-640.63,15805,-2.379,0.544,-76.685
-210.94,-640.63,16383,-2.368,0.544,-76.685
-93.75,-687.5,16047,-2.373,0.544,-76.685
-101.56,-695.31,15742,-2.379,0.538,-76.685
-265.63,-640.63,15984,-2.379,0.544,-76.685
-109.38,-640.63,16281,-2.368,0.538,-76.685
0,-695.31,16008,-2.373,0.538,-76.685
-312.5,-703.13,15719,-2.379,0.544,-76.685
-171.88,-703.13,16078,-2.379,0.544,-76.685
-46.875,-609.38,16117,-2.368,0.538,-76.685
-132.81,-734.38,16078,-2.373,0.538,-76.685
-210.94,-765.63,15773,-2.379,0.544,-76.685
-93.75,-687.5,15898,-2.379,0.538,-76.685
-156.25,-593.75,16148,-2.368,0.544,-76.685
-156.25,-671.88,16148,-2.373,0.538,-76.685
-164.06,-710.94,15773,-2.384,0.538,-76.685
-265.63,-656.25,15742,-2.379,0.544,-76.685
-148.44,-609.38,16438,-2.373,0.538,-76.685
-101.56,-625,16063,-2.373,0.538,-76.685
-195.31,-687.5,15742,-2.379,0.538,-76.685
-328.13,-664.06,15922,-2.379,0.538,-76.685
-109.38,-648.44,16234,-2.368,0.533,-76.685
-117.19,-601.56,15984,-2.379,0.538,-76.685
-257.81,-734.38,16016,-2.384,0.538,-76.685
-156.25,-687.5,15859,-2.379,0.533,-76.685
-85.938,-640.63,16008,-2.368,0.538,-76.685
-226.56,-656.25,16281,-2.373,0.538,-76.685
-156.25,-726.56,15773,-2.384,0.538,-76.685
-132.81,-687.5,15625,-2.379,0.538,-76.685
-226.56,-601.56,16242,-2.373,0.538,-76.685
-109.38,-664.06,16156,-2.373,0.538,-76.685
-46.875,-664.06,15766,-2.384,0.538,-76.685
-320.31,-687.5,15883,-2.379,0.544,-76.685
-117.19,-601.56,16211,-2.373,0.533,-76.685
-93.75,-625,16070,-2.373,0.533,-76.685
-257.81,-718.75,15914,-2.384,0.538,-76.685
-289.06,-703.13,15844,-2.379,0.538,-76.685
-62.5,-617.19,16000,-2.373,0.533,-76.685
-171.88,-625,16203,-2.373,0.538,-76.685
-109.38,-734.38,16000,-2.379,0.538,-76.685
-140.63,-703.13,15758,-2.379,0.538,-76.685
-210.94,-617.19,15953,-2.373,0.538,-76.685
-125,-640.63,16289,-2.373,0.538,-76.685
0,-734.38,15867,-2.379,0.538,-76.685
-257.81,-671.88,15586,-2.379,0.544,-76.685
-140.63,-640.63,16148,-2.368,0.538,-76.685
-39.063,-648.44,16070,-2.373,0.538,-76.685
-203.13,-648.44,15789,-2.379,0.538,-76.685
-273.44,-695.31,15945,-2.379,0.538,-76.685
-148.44,-671.88,16000,-2.368,0.538,-76.685
-132.81,-664.06,16109,-2.368,0.538,-76.685
-179.69,-695.31,16070,-2.373,0.538,-76.685
-210.94,-718.75,15797,-2.373,0.538,-76.685
-171.88,-625,15781,-2.368,0.538,-76.685
-210.94,-640.63,16320,-2.368,0.538,-76.685
-85.938,-695.31,15914,-2.373,0.538,-76.685
-125,-695.31,15570,-2.373,0.538,-76.685
-281.25,-625,16008,-2.368,0.544,-76.685
-101.56,-625,16250,-2.362,0.538,-76.685
-54.688,-679.69,15813,-2.373,0.538,-76.685
-296.88,-734.38,15758,-2.373,0.544,-76.685
-164.06,-679.69,15961,-2.368,0.538,-76.685
-39.063,-632.81,16063,-2.362,0.544,-76.685
-195.31,-625,15977,-2.373,0.544,-76.685
-234.38,-734.38,15797,-2.379,0.544,-76.685
-148.44,-656.25,15773,-2.368,0.544,-76.685
-210.94,-601.56,16227,-2.362,0.544,-76.685
-117.19,-656.25,16227,-2.373,0.544,-76.685
-101.56,-742.19,15680,-2.373,0.544,-76.685
-226.56,-632.81,15844,-2.368,0.544,-76.685
-117.19,-656.25,16281,-2.368,0.538,-76.685
-70.313,-640.63,16008,-2.373,0.544,-76.685
-226.56,-718.75,15695,-2.379,0.544,-76.685
-234.38,-703.13,15953,-2.373,0.544,-76.685
-7.8125,-609.38,16242,-2.368,0.538,-76.685
-164.06,-625,15930,-2.373,0.544,-76.685
-257.81,-773.44,16000,-2.379,0.544,-76.685
-140.63,-710.94,15820,-2.373,0.538,-76.685
-101.56,-601.56,16086,-2.362,0.544,-76.685
-140.63,-734.38,16164,-2.368,0.538,-76.685
-125,-710.94,15672,-2.379,0.538,-76.685
-203.13,-679.69,15977,-2.373,0.544,-76.685
-179.69,-664.06,16289,-2.368,0.544,-76.685
-31.25,-695.31,15883,-2.368,0.538,-76.685
-226.56,-679.69,15688,-2.373,0.544,-76.685
-234.38,-656.25,16023,-2.373,0.544,-76.685
-70.313,-593.75,16117,-2.362,0.544,-76.685
-125,-664.06,15922,-2.368,0.538,-76.685
-328.13,-687.5,15938,-2.373,0.544,-76.685
-31.25,-671.88,15836,-2.368,0.544,-76.685
-171.88,-640.63,16133,-2.362,0.538,-76.685
-218.75,-679.69,16180,-2.362,0.544,-76.685
-101.56,-781.25,15750,-2.373,0.544,-76.685
-210.94,-679.69,15750,-2.373,0.544,-76.685
-187.5,-632.81,16320,-2.362,0.544,-76.685
-62.5,-710.94,15984,-2.368,0.544,-76.685
-187.5,-710.94,15734,-2.373,0.544,-76.685
-234.38,-710.94,16008,-2.373,0.549,-76.685
-85.938,-632.81,16141,-2.368,0.544,-76.685
-125,-679.69,15992,-2.368,0.544,-76.685
-265.63,-710.94,15930,-2.373,0.549,-76.685
-171.88,-687.5,15914,-2.373,0.544,-76.685
-117.19,-609.38,16117,-2.368,0.544,-76.685
-195.31,-656.25,16125,-2.368,0.544,-76.685
-156.25,-742.19,15992,-2.373,0.544,-76.685
-132.81,-671.88,15781,-2.379,0.544,-76.685
-179.69,-632.81,16133,-2.368,0.544,-76.685
-179.69,-703.13,16359,-2.373,0.544,-76.685
-54.688,-757.81,15852,-2.379,0.544,-76.685
-250,-656.25,15727,-2.373,0.544,-76.685
-156.25,-679.69,16438,-2.368,0.538,-76.685
-39.063,-664.06,16047,-2.368,0.538,-76.685
-148.44,-718.75,15773,-2.379,0.544,-76.685
-320.31,-726.56,16016,-2.373,0.544,-76.685
15.625,-601.56,16016,-2.362,0.538,-76.685
-85.938,-640.63,16180,-2.368,0.544,-76.685
-312.5,-726.56,16023,-2.379,0.544,-76.685
-148.44,-703.13,15758,-2.373,0.544,-76.685
-148.44,-640.63,16094,-2.368,0.544,-76.685
-234.38,-625,16336,-2.368,0.544,-76.685
-31.25,-742.19,15977,-2.373,0.544,-76.685
-265.63,-703.13,15750,-2.373,0.549,-76.685
-257.81,-656.25,16258,-2.368,0.544,-76.685
-70.313,-656.25,16281,-2.368,0.544,-76.685
-148.44,-710.94,15906,-2.373,0.544,-76.685
-343.75,-710.94,15938,-2.373,0.549,-76.685
-46.875,-664.06,16125,-2.368,0.544,-76.685
-93.75,-632.81,16086,-2.368,0.544,-76.685
-234.38,-710.94,16023,-2.373,0.544,-76.685
-132.81,-726.56,15875,-2.373,0.544,-76.685
-171.88,-656.25,15953,-2.368,0.544,-76.685
-242.19,-632.81,16234,-2.368,0.544,-76.685
-117.19,-703.13,16133,-2.373,0.544,-76.685
-117.19,-695.31,15727,-2.379,0.544,-76.685
-265.63,-625,16000,-2.368,0.544,-76.685
-187.5,-710.94,16383,-2.368,0.544,-76.685
-70.313,-695.31,15891,-2.373,0.544,-76.685
-273.44,-718.75,15836,-2.373,0.549,-76.685
-242.19,-664.06,16063,-2.368,0.549,-76.685
-46.875,-648.44,16141,-2.368,0.544,-76.685
-187.5,-710.94,16008,-2.373,0.549,-76.685
-265.63,-757.81,15930,-2.373,0.549,-76.685
-70.313,-656.25,15914,-2.368,0.544,-76.685
-179.69,-625,16172,-2.362,0.549,-76.685
-195.31,-679.69,16180,-2.373,0.549,-76.685
-140.63,-750,15719,-2.379,0.549,-76.685
-140.63,-656.25,15781,-2.368,0.549,-76.685
-234.38,-609.38,16375,-2.368,0.549,-76.685
-39.063,-703.13,15938,-2.373,0.544,-76.685
-242.19,-734.38,15695,-2.379,0.555,-76.685
-273.44,-625,16133,-2.368,0.549,-76.685
-54.688,-648.44,16211,-2.368,0.549,-76.685
-171.88,-664.06,16125,-2.373,0.549,-76.685
-289.06,-710.94,15922,-2.379,0.555,-76.685
-109.38,-703.13,15906,-2.373,0.549,-76.685
-85.938,-648.44,16164,-2.368,0.549,-76.685
-250,-687.5,16109,-2.373,0.555,-76.685
-85.938,-804.69,15859,-2.379,0.549,-76.685
-140.63,-687.5,15695,-2.373,0.555,-76.685
-195.31,-648.44,16266,-2.368,0.555,-76.685
-117.19,-703.13,16188,-2.373,0.549,-76.685
-296.88,-687.5,15672,-2.379,0.555,-76.685
-179.69,-664.06,16164,-2.373,0.555,-76.685
-93.75,-648.44,16211,-2.368,0.549,-76.685
-78.125,-664.06,15891,-2.368,0.549,-76.685
-296.88,-742.19,15898,-2.379,0.555,-76.685
-93.75,-656.25,15961,-2.373,0.555,-76.685
-93.75,-562.5,16086,-2.362,0.549,-76.685
-273.44,-679.69,16016,-2.368,0.555,-76.685
-132.81,-765.63,15789,-2.379,0.555,-76.685
-148.44,-656.25,15828,-2.373,0.555,-76.685
-226.56,-617.19,16336,-2.362,0.555,-76.685
-93.75,-710.94,16047,-2.368,0.555,-76.685
-117.19,-687.5,15664,-2.373,0.555,-76.685
-328.13,-625,15969,-2.373,0.56,-76.685
-148.44,-632.81,16273,-2.368,0.555,-76.685
-39.063,-656.25,15984,-2.368,0.549,-76.685
-320.31,-742.19,15719,-2.373,0.555,-76.685
-187.5,-679.69,15969,-2.373,0.555,-76.685
-62.5,-625,16094,-2.368,0.549,-76.685
-140.63,-695.31,16008,-2.368,0.549,-76.685
-250,-734.38,15898,-2.373,0.555,-76.685
-109.38,-695.31,15766,-2.379,0.555,-76.685
-187.5,-570.31,16094,-2.368,0.549,-76.685
-109.38,-640.63,16305,-2.368,0.549,-76.685
-78.125,-695.31,15672,-2.373,0.549,-76.685
-250,-640.63,15711,-2.373,0.555,-76.685
-156.25,-625,16289,-2.368,0.549,-76.685
-54.688,-648.44,16070,-2.362,0.549,-76.685
-210.94,-679.69,15750,-2.373,0.549,-76.685
-226.56,-640.63,15945,-2.373,0.555,-76.685
-93.75,-671.88,16172,-2.368,0.549,-76.685
-78.125,-609.38,16055,-2.362,0.549,-76.685
-242.19,-726.56,16000,-2.373,0.549,-76.685
-101.56,-710.94,15844,-2.373,0.555,-76.685
-101.56,-656.25,15969,-2.362,0.555,-76.685
-226.56,-640.63,16273,-2.368,0.549,-76.685
-70.313,-726.56,15914,-2.373,0.549,-76.685
-148.44,-710.94,15594,-2.373,0.555,-76.685
-164.06,-609.38,16047,-2.368,0.549,-76.685
-109.38,-687.5,16305,-2.368,0.549,-76.685
-62.5,-671.88,15805,-2.373,0.555,-76.685
-296.88,-710.94,15766,-2.373,0.555,-76.685
-140.63,-617.19,16164,-2.368,0.555,-76.685
-23.438,-632.81,16047,-2.368,0.549,-76.685
-257.81,-710.94,15930,-2.373,0.555,-76.685
-210.94,-703.13,15875,-2.373,0.555,-76.685
-23.438,-664.06,15805,-2.368,0.555,-76.685
-179.69,-617.19,16266,-2.368,0.555,-76.685
-109.38,-742.19,16023,-2.373,0.555,-76.685
-70.313,-734.38,15750,-2.373,0.555,-76.685
-218.75,-648.44,15844,-2.368,0.555,-76.685
-140.63,-632.81,16250,-2.368,0.555,-76.685
-39.063,-703.13,15875,-2.373,0.555,-76.685
-203.13,-703.13,15688,-2.373,0.555,-76.685
-226.56,-671.88,16008,-2.368,0.555,-76.685
-39.063,-617.19,16180,-2.368,0.549,-76.685
-109.38,-648.44,15891,-2.373,0.555,-76.685
-304.69,-726.56,15906,-2.379,0.555,-76.685
-156.25,-640.63,15953,-2.373,0.549,-76.685
-164.06,-578.13,16148,-2.368,0.549,-76.685
-187.5,-656.25,16172,-2.379,0.555,-76.685
-187.5,-710.94,15797,-2.379,0.549,-76.685
-156.25,-632.81,15773,-2.373,0.549,-76.685
-179.69,-601.56,16383,-2.368,0.549,-76.685
-78.125,-656.25,16055,-2.373,0.549,-76.685
-101.56,-695.31,15703,-2.379,0.549,-76.685
-375,-656.25,15969,-2.373,0.555,-76.685
-62.5,-687.5,16297,-2.368,0.544,-76.685
-62.5,-671.88,15945,-2.373,0.549,-76.685
-281.25,-734.38,15891,-2.379,0.555,-76.685
-140.63,-718.75,15883,-2.373,0.549,-76.685
-62.5,-625,16156,-2.368,0.549,-76.685
-226.56,-640.63,16063,-2.373,0.549,-76.685
-203.13,-703.13,15914,-2.379,0.549,-76.685
-132.81,-648.44,15813,-2.373,0.549,-76.685
-164.06,-640.63,16180,-2.368,0.549,-76.685
-218.75,-632.81,16305,-2.373,0.549,-76.685
-78.125,-687.5,15820,-2.379,0.544,-76.685
-250,-648.44,15727,-2.373,0.549,-76.685
-148.44,-671.88,16313,-2.368,0.544,-76.685
-117.19,-648.44,16078,-2.373,0.544,-76.685
-179.69,-734.38,15773,-2.379,0.549,-76.685
-320.31,-687.5,15898,-2.373,0.549,-76.685
-78.125,-625,16148,-2.368,0.544,-76.685
-132.81,-640.63,16063,-2.373,0.544,-76.685
-250,-742.19,15961,-2.379,0.549,-76.685
-101.56,-656.25,15727,-2.379,0.549,-76.685
-132.81,-625,16227,-2.368,0.544,-76.685
-132.81,-726.56,16195,-2.373,0.549,-76.685
-85.938,-695.31,15625,-2.384,0.544,-76.685
-226.56,-632.81,15836,-2.379,0.549,-76.685
-101.56,-625,16320,-2.373,0.549,-76.685
-31.25,-687.5,16023,-2.373,0.544,-76.685
-281.25,-687.5,15656,-2.384,0.544,-76.685
-234.38,-687.5,16008,-2.379,0.549,-76.685
-15.625,-640.63,16203,-2.373,0.544,-76.685
-156.25,-671.88,16031,-2.373,0.544,-76.685
-265.63,-757.81,16016,-2.379,0.544,-76.685
-132.81,-695.31,15773,-2.384,0.544,-76.685
-187.5,-578.13,16156,-2.373,0.544,-76.685
-171.88,-679.69,16336,-2.373,0.544,-76.685
-78.125,-750,15828,-2.379,0.544,-76.685
-210.94,-703.13,15805,-2.384,0.544,-76.685
-179.69,-671.88,16273,-2.373,0.544,-76.685
-46.875,-687.5,16125,-2.373,0.544,-76.685
-78.125,-742.19,15867,-2.379,0.538,-76.685
-226.56,-710.94,15836,-2.379,0.544,-76.685
-117.19,-664.06,16273,-2.373,0.544,-76.685
-93.75,-632.81,16141,-2.368,0.538,-76.685
-234.38,-679.69,15914,-2.373,0.544,-76.685
-234.38,-687.5,15891,-2.379,0.544,-76.685
-70.313,-640.63,16055,-2.373,0.538,-76.685
-226.56,-632.81,16203,-2.368,0.538,-76.685
-210.94,-710.94,16109,-2.373,0.544,-76.685
-132.81,-695.31,15680,-2.379,0.538,-76.685
-195.31,-656.25,16219,-2.373,0.544,-76.685
-156.25,-695.31,16422,-2.373,0.538,-76.685
-54.688,-671.88,15867,-2.379,0.538,-76.685
-289.06,-718.75,15727,-2.379,0.544,-76.685
-187.5,-679.69,16297,-2.368,0.538,-76.685
-7.8125,-656.25,16063,-2.368,0.538,-76.685
-218.75,-687.5,15914,-2.379,0.544,-76.685
-289.06,-679.69,15969,-2.379,0.544,-76.685
-39.063,-671.88,15953,-2.368,0.538,-76.685
-93.75,-617.19,16195,-2.368,0.538,-76.685
-210.94,-765.63,16172,-2.373,0.538,-76.685
-78.125,-726.56,15734,-2.373,0.538,-76.685
-148.44,-593.75,15984,-2.368,0.538,-76.685
-242.19,-609.38,16320,-2.362,0.538,-76.685
-62.5,-718.75,15906,-2.373,0.533,-76.685
-171.88,-703.13,15734,-2.373,0.538,-76.685
-234.38,-671.88,16055,-2.368,0.538,-76.685
-109.38,-664.06,16273,-2.362,0.538,-76.685
-140.63,-687.5,16023,-2.368,0.538,-76.685
-289.06,-710.94,15852,-2.368,0.538,-76.685
-171.88,-679.69,16125,-2.362,0.533,-76.685
-93.75,-640.63,16063,-2.362,0.533,-76.685
-195.31,-718.75,16109,-2.368,0.538,-76.685
-179.69,-742.19,15836,-2.373,0.538,-76.685
-78.125,-664.06,15766,-2.362,0.533,-76.685
-210.94,-625,16328,-2.362,0.538,-76.685
-132.81,-742.19,16102,-2.368,0.533,-76.685
-70.313,-718.75,15695,-2.373,0.538,-76.685
-257.81,-617.19,15859,-2.362,0.538,-76.685
-93.75,-664.06,16414,-2.362,0.533,-76.685
-78.125,-640.63,15906,-2.368,0.533,-76.685
-250,-710.94,15789,-2.373,0.538,-76.685
-250,-687.5,15984,-2.368,0.538,-76.685
0,-617.19,16164,-2.357,0.533,-76.685
-187.5,-648.44,16055,-2.368,0.538,-76.685
-250,-726.56,15953,-2.373,0.538,-76.685
-109.38,-656.25,15781,-2.368,0.533,-76.685
-132.81,-632.81,16195,-2.357,0.538,-76.685
-195.31,-687.5,16258,-2.368,0.533,-76.685
-101.56,-742.19,15781,-2.373,0.533,-76.685
-171.88,-710.94,15734,-2.368,0.538,-76.685
-179.69,-656.25,16297,-2.362,0.533,-76.685
-62.5,-695.31,16070,-2.368,0.533,-76.685
-140.63,-703.13,15758,-2.373,0.533,-76.685
-312.5,-671.88,15898,-2.368,0.538,-76.685
-39.063,-625,16227,-2.362,0.527,-76.685
-132.81,-632.81,16094,-2.368,0.533,-76.685
-257.81,-703.13,15938,-2.373,0.533,-76.685
-156.25,-687.5,15875,-2.368,0.533,-76.685
-148.44,-632.81,16094,-2.362,0.533,-76.685
-171.88,-648.44,16227,-2.362,0.533,-76.685
-101.56,-734.38,15977,-2.373,0.533,-76.685
-234.38,-679.69,15672,-2.368,0.533,-76.685
-187.5,-632.81,16109,-2.362,0.533,-76.685
-85.938,-687.5,16383,-2.368,0.533,-76.685
-23.438,-710.94,15719,-2.373,0.533,-76.685
-242.19,-710.94,15828,-2.373,0.533,-76.685
-101.56,-671.88,16258,-2.368,0.533,-76.685
-7.8125,-687.5,16047,-2.368,0.527,-76.685
-125,-695.31,15906,-2.373,0.533,-76.685
-257.81,-718.75,15883,-2.373,0.533,-76.685
0,-640.63,15914,-2.362,0.527,-76.685
-164.06,-617.19,16188,-2.368,0.533,-76.685
-250,-695.31,15961,-2.373,0.533,-76.685
-70.313,-718.75,15773,-2.373,0.533,-76.685
-132.81,-593.75,15977,-2.362,0.533,-76.685
-195.31,-648.44,16438,-2.362,0.533,-76.685
-46.875,-726.56,15914,-2.373,0.527,-76.685
-226.56,-718.75,15719,-2.373,0.533,-76.685
-250,-664.06,16180,-2.368,0.527,-76.685
-54.688,-703.13,16211,-2.368,0.527,-76.685
-187.5,-726.56,15961,-2.373,0.527,-76.685
-273.44,-718.75,15867,-2.373,0.533,-76.685
-85.938,-664.06,16078,-2.368,0.527,-76.685
-164.06,-640.63,16195,-2.362,0.533,-76.685
-171.88,-742.19,16141,-2.373,0.533,-76.685
-179.69,-757.81,15820,-2.373,0.533,-76.685
-109.38,-648.44,15844,-2.368,0.533,-76.685
-195.31,-632.81,16336,-2.362,0.533,-76.685
-70.313,-726.56,15773,-2.373,0.527,-76.685
-179.69,-695.31,15617,-2.379,0.533,-76.685
-171.88,-601.56,16227,-2.368,0.533,-76.685
-39.063,-632.81,16016,-2.368,0.527,-76.685
-117.19,-671.88,15766,-2.373,0.527,-76.685
-281.25,-671.88,15828,-2.373,0.538,-76.685
-54.688,-632.81,16078,-2.368,0.527,-76.685
-156.25,-585.94,16070,-2.362,0.527,-76.685
-187.5,-750,15953,-2.373,0.533,-76.685
-171.88,-703.13,15805,-2.379,0.533,-76.685
-101.56,-578.13,15930,-2.373,0.533,-76.685
-242.19,-609.38,16266,-2.362,0.533,-76.685
-85.938,-687.5,16016,-2.368,0.533,-76.685
-117.19,-687.5,15617,-2.379,0.533,-76.685
-296.88,-625,16094,-2.368,0.533,-76.685
-117.19,-632.81,16281,-2.362,0.533,-76.685
-39.063,-687.5,15875,-2.368,0.527,-76.685
-289.06,-695.31,15703,-2.379,0.533,-76.685
-125,-671.88,16047,-2.373,0.533,-76.685
-132.81,-796.88,16547,-2.362,0.533,-76.685
-70.313,-1664.1,16523,-2.395,0.533,-76.685
39.063,-2078.1,14766,-2.499,0.538,-76.679
-132.81,-2203.1,13992,-2.571,0.516,-76.685
-1507.8,-1210.9,13695,-2.571,0.555,-76.685
-1078.1,-468.75,18781,-2.401,0.538,-76.679
-703.13,1125,16125,-2.247,0.516,-76.679
54.688,906.25,19180,-2.142,0.527,-76.679
-523.44,992.19,15133,-2.236,0.549,-76.679
468.75,-1953.1,18297,-2.51,0.511,-76.685
-78.125,-2945.3,13766,-2.725,0.538,-76.685
-671.88,-1859.4,12609,-2.631,0.549,-76.685
-1179.7,-328.13,16406,-2.362,0.566,-76.679
523.44,0,21031,-2.197,0.5,-76.679
1609.4,570.31,16594,-2.236,0.489,-76.679
62.5,398.44,12781,-2.362,0.544,-76.685
-1054.7,-1367.2,15719,-2.505,0.549,-76.69
-1015.6,-2179.7,16656,-2.609,0.538,-76.685
421.88,-1320.3,14563,-2.554,0.494,-76.685
-125,-343.75,15250,-2.318,0.566,-76.679
-367.19,398.44,18852,-2.148,0.549,-76.679
687.5,445.31,17336,-2.28,0.505,-76.685
687.5,-898.44,13922,-2.527,0.5,-76.69
-1609.4,-1500,13344,-2.604,0.577,-76.685
-2132.8,-1257.8,16711,-2.521,0.571,-76.685
210.94,-937.5,19547,-2.422,0.5,-76.685
851.56,-437.5,17766,-2.346,0.522,-76.679
195.31,-15.625,15617,-2.274,0.555,-76.679
-414.06,39.063,15719,-2.329,0.566,-76.685
617.19,-1421.9,16555,-2.483,0.505,-76.69
-62.5,-1554.7,13430,-2.571,0.544,-76.685
-1203.1,-789.06,14930,-2.516,0.56,-76.685
-1109.4,-210.94,17688,-2.39,0.544,-76.685
570.31,-109.38,19055,-2.307,0.511,-76.679
765.63,289.06,16227,-2.313,0.527,-76.685
-359.38,-1125,16258,-2.439,0.566,-76.685
78.125,-2484.4,15414,-2.593,0.538,-76.69
93.75,-1742.2,13453,-2.593,0.538,-76.69
-429.69,-476.56,14859,-2.428,0.555,-76.69
-695.31,515.63,17367,-2.258,0.56,-76.685
593.75,523.44,17742,-2.252,0.522,-76.685
718.75,101.56,14766,-2.411,0.522,-76.69
-1281.3,-1195.3,14617,-2.56,0.582,-76.69
-1039.1,-1562.5,15227,-2.56,0.555,-76.685
78.125,-234.38,14297,-2.472,0.538,-76.685
-742.19,23.438,17141,-2.406,0.538,-76.679
-1523.4,296.88,17109,-2.39,0.549,-76.685
-804.69,15.625,17914,-2.373,0.56,-76.69
62.5,-1164.1,19633,-2.379,0.549,-76.69
1257.8,-1851.6,16344,-2.422,0.538,-76.69
945.31,-1117.2,11844,-2.477,0.544,-76.679
-1046.9,-843.75,13586,-2.505,0.544,-76.679
-1117.2,-101.56,15008,-2.483,0.571,-76.679
-890.63,703.13,18063,-2.395,0.522,-76.685
-539.06,46.875,19688,-2.318,0.549,-76.69
-140.63,-1187.5,19781,-2.324,0.544,-76.69
828.13,-2312.5,16125,-2.455,0.538,-76.69
734.38,-1945.3,11594,-2.604,0.527,-76.685
-390.63,-1140.6,13117,-2.571,0.544,-76.685
-851.56,687.5,16547,-2.384,0.566,-76.679
-54.688,890.63,20141,-2.252,0.516,-76.685
-31.25,-609.38,18445,-2.335,0.522,-76.685
-109.38,-2015.6,16016,-2.494,0.533,-76.69
-492.19,-1429.7,13211,-2.549,0.566,-76.69
265.63,-710.94,15008,-2.439,0.522,-76.69
453.13,-437.5,17164,-2.351,0.516,-76.69
-539.06,39.063,17070,-2.368,0.544,-76.69
-390.63,-968.75,17539,-2.406,0.533,-76.69
-15.625,-1468.8,14141,-2.488,0.538,-76.69
367.19,-585.94,13984,-2.417,0.533,-76.69
-476.56,390.63,14766,-2.379,0.544,-76.696
-23.438,-390.63,16484,-2.444,0.511,-76.696
-710.94,-1125,17211,-2.505,0.527,-76.69
-906.25,-1343.8,17430,-2.477,0.549,-76.685
945.31,-1828.1,17930,-2.401,0.527,-76.69
1406.3,-789.06,14000,-2.346,0.533,-76.696
460.94,648.44,13227,-2.357,0.522,-76.701
-1195.3,757.81,12914,-2.417,0.549,-76.696
-1632.8,-437.5,16805,-2.499,0.527,-76.69
-1179.7,-1093.8,17539,-2.538,0.522,-76.69
-507.81,-1695.3,18164,-2.477,0.538,-76.685
421.88,-1078.1,16750,-2.34,0.538,-76.69
1265.6,-164.06,15266,-2.285,0.527,-76.696
648.44,296.88,14203,-2.346,0.522,-76.696
-335.94,-593.75,14469,-2.499,0.527,-76.696
-1507.8,-898.44,14492,-2.56,0.555,-76.69
-1234.4,-367.19,17250,-2.461,0.527,-76.69
-359.38,-320.31,19500,-2.307,0.527,-76.685
492.19,-484.38,19648,-2.28,0.516,-76.685
914.06,-1218.8,14750,-2.439,0.527,-76.69
-23.438,-1664.1,12313,-2.587,0.544,-76.696
-359.38,-1078.1,12758,-2.527,0.544,-76.696
382.81,460.94,16469,-2.324,0.538,-76.696
429.69,46.875,18336,-2.252,0.505,-76.69
617.19,-1078.1,18953,-2.411,0.505,-76.69
-1046.9,-1046.9,13133,-2.549,0.549,-76.696
-1031.3,-570.31,16258,-2.477,0.56,-76.696
562.5,-406.25,18930,-2.351,0.533,-76.696
1367.2,-593.75,16352,-2.329,0.483,-76.696
-46.875,-656.25,12172,-2.439,0.527,-76.69
-1046.9,-1101.6,14094,-2.505,0.544,-76.69
-820.31,-476.56,17836,-2.444,0.544,-76.696
421.88,-382.81,20688,-2.324,0.505,-76.701
1257.8,-1421.9,18797,-2.296,0.5,-76.701
906.25,-1914.1,13258,-2.417,0.533,-76.696
-195.31,-843.75,10227,-2.543,0.522,-76.69
-1179.7,226.56,12484,-2.505,0.533,-76.69
-1921.9,765.63,19234,-2.357,0.527,-76.69
-1296.9,523.44,20594,-2.318,0.505,-76.685
296.88,-1250,18719,-2.417,0.5,-76.685
648.44,-2414.1,15211,-2.494,0.538,-76.69
718.75,-1742.2,12414,-2.477,0.549,-76.696
390.63,-7.8125,12445,-2.379,0.522,-76.701
-367.19,750,15781,-2.335,0.511,-76.696
-921.88,507.81,17008,-2.373,0.516,-76.696
-1500,-156.25,16633,-2.45,0.533,-76.696
-929.69,-1585.9,17055,-2.505,0.533,-76.69
0,-1914.1,17047,-2.483,0.522,-76.69
281.25,-578.13,14641,-2.39,0.527,-76.696
-54.688,117.19,15648,-2.296,0.533,-76.696
-148.44,335.94,16852,-2.285,0.527,-76.696
93.75,-218.75,16758,-2.395,0.505,-76.696
-664.06,-1484.4,16133,-2.516,0.538,-76.696
-70.313,-2257.8,15789,-2.538,0.538,-76.696
70.313,-1304.7,14906,-2.428,0.544,-76.696
367.19,78.125,16383,-2.335,0.516,-76.696
164.06,125,16328,-2.324,0.522,-76.696
-218.75,-23.438,16344,-2.362,0.527,-76.701
-1023.4,-289.06,16344,-2.417,0.538,-76.701
-703.13,-1289.1,17750,-2.444,0.538,-76.696
664.06,-1601.6,16156,-2.411,0.522,-76.696
406.25,-601.56,14758,-2.357,0.544,-76.701
-398.44,-320.31,15273,-2.373,0.544,-76.707
0,-1039.1,15641,-2.472,0.516,-76.707
-632.81,-718.75,15281,-2.488,0.527,-76.701
-1171.9,-523.44,16359,-2.39,0.555,-76.696
109.38,-781.25,18797,-2.274,0.533,-76.696
1640.6,-726.56,17453,-2.285,0.511,-76.696
1078.1,-695.31,13641,-2.417,0.527,-76.707
-1031.3,-1031.3,12508,-2.51,0.56,-76.707
-1265.6,-773.44,14258,-2.499,0.544,-76.701
-609.38,-23.438,17180,-2.417,0.522,-76.701
-468.75,-85.938,18727,-2.318,0.527,-76.696
-171.88,-507.81,18125,-2.302,0.538,-76.696
0,-953.13,16602,-2.368,0.538,-76.696
812.5,-1367.2,13781,-2.472,0.516,-76.701
31.25,-1242.2,12953,-2.477,0.538,-76.707
-992.19,-171.88,14711,-2.395,0.549,-76.707
-843.75,320.31,17266,-2.351,0.533,-76.701
203.13,-492.19,18273,-2.379,0.511,-76.696
-312.5,-648.44,15711,-2.406,0.544,-76.696
-835.94,-437.5,15313,-2.39,0.555,-76.696
54.688,-671.88,16320,-2.379,0.516,-76.696
367.19,-906.25,16102,-2.401,0.522,-76.701
-320.31,-851.56,15867,-2.411,0.544,-76.701
-671.88,-1101.6,15906,-2.428,0.549,-76.696
453.13,-1390.6,16547,-2.411,0.516,-76.696
0,117.19,13758,-2.368,0.538,-76.701
-781.25,562.5,14398,-2.335,0.549,-76.701
-445.31,15.625,17086,-2.351,0.522,-76.696
-500,-765.63,16961,-2.444,0.522,-76.696
-296.88,-1843.8,17133,-2.499,0.533,-76.696
-234.38,-2132.8,15898,-2.466,0.56,-76.696
687.5,-1312.5,15531,-2.368,0.533,-76.696
281.25,539.06,14328,-2.296,0.533,-76.701
0,757.81,15078,-2.296,0.516,-76.696
-1359.4,882.81,15313,-2.34,0.544,-76.696
-1156.3,-382.81,17438,-2.428,0.538,-76.696
-359.38,-1992.2,17438,-2.51,0.533,-76.69
101.56,-2460.9,16234,-2.51,0.538,-76.69
171.88,-976.56,13891,-2.406,0.544,-76.696
-15.625,578.13,14852,-2.263,0.538,-76.696
-328.13,1156.3,16695,-2.208,0.522,-76.696
-562.5,937.5,16938,-2.302,0.522,-76.696
-750,-992.19,16961,-2.466,0.533,-76.696
-875,-2625,16063,-2.565,0.56,-76.696
289.06,-2695.3,15320,-2.532,0.538,-76.696
515.63,-867.19,13547,-2.395,0.533,-76.701
15.625,570.31,15570,-2.236,0.533,-76.701
-273.44,1265.6,16484,-2.17,0.533,-76.696
-312.5,882.81,16695,-2.274,0.522,-76.696
-554.69,-1070.3,16695,-2.472,0.527,-76.696
-265.63,-2625,15000,-2.587,0.555,-76.696
-187.5,-1390.6,12203,-2.499,0.549,-76.696
-726.56,281.25,15219,-2.324,0.549,-76.696
-46.875,718.75,18836,-2.219,0.511,-76.696
-453.13,523.44,18055,-2.258,0.527,-76.69
-960.94,-789.06,17117,-2.395,0.544,-76.69
-320.31,-2398.4,15688,-2.505,0.549,-76.696
843.75,-2085.9,13703,-2.477,0.533,-76.696
-421.88,-281.25,12203,-2.324,0.544,-76.701
343.75,-578.13,18938,-2.225,0.549,-76.696
1843.8,-1203.1,15008,-2.307,0.505,-76.696
-289.06,-718.75,11109,-2.45,0.533,-76.69
-1109.4,-1398.4,15273,-2.51,0.544,-76.696
-1500,-453.13,17148,-2.433,0.566,-76.696
-273.44,-93.75,19922,-2.329,0.527,-76.701
492.19,-531.25,18508,-2.302,0.527,-76.701
593.75,-1328.1,15555,-2.34,0.544,-76.701
984.38,-1429.7,13563,-2.406,0.538,-76.696
-31.25,-546.88,12016,-2.444,0.533,-76.69
-367.19,54.688,14508,-2.39,0.533,-76.69
-1937.5,703.13,17469,-2.318,0.533,-76.696
-1320.3,-296.88,19469,-2.329,0.549,-76.701
-421.88,-1195.3,16922,-2.406,0.527,-76.701
23.438,-1421.9,15797,-2.439,0.538,-76.701
-70.313,-421.88,15672,-2.379,0.549,-76.701
445.31,-406.25,16203,-2.313,0.533,-76.696
992.19,-828.13,15672,-2.329,0.522,-76.696
-609.38,-773.44,15047,-2.444,0.555,-76.701
-1125,-945.31,15539,-2.422,0.549,-76.701
343.75,-1062.5,17258,-2.373,0.533,-76.696
695.31,-500,17273,-2.324,0.527,-76.696
-234.38,-62.5,14539,-2.346,0.549,-76.696
203.13,-1078.1,16320,-2.395,0.533,-76.701
-398.44,-1242.2,16234,-2.444,0.538,-76.701
-210.94,-929.69,16586,-2.428,0.527,-76.696
-171.88,-664.06,16578,-2.313,0.549,-76.69
85.938,-265.63,16609,-2.269,0.544,-76.696
945.31,-734.38,15539,-2.379,0.522,-76.701
-148.44,-898.44,12430,-2.51,0.538,-76.707
-1625,-757.81,14508,-2.488,0.56,-76.701
-1531.3,-484.38,18609,-2.357,0.555,-76.69
828.13,-757.81,20516,-2.291,0.505,-76.69
1679.7,-1179.7,16977,-2.285,0.527,-76.696
539.06,-921.88,13500,-2.346,0.566,-76.701
351.56,-1039.1,13508,-2.444,0.538,-76.707
-15.625,-1093.8,14164,-2.499,0.527,-76.707
-1117.2,132.81,15273,-2.406,0.538,-76.701
-1437.5,250,19094,-2.28,0.56,-76.696
31.25,-734.38,21242,-2.274,0.527,-76.696
1437.5,-1484.4,16313,-2.373,0.522,-76.696
750,-1437.5,12359,-2.45,0.549,-76.707
-640.63,-1320.3,13000,-2.444,0.571,-76.707
125,-1000,15711,-2.401,0.527,-76.701
-109.38,312.5,15961,-2.351,0.522,-76.701
-750,351.56,17281,-2.307,0.538,-76.701
-367.19,-421.88,16047,-2.307,0.549,-76.696
-343.75,-593.75,15633,-2.379,0.522,-76.701
-476.56,-1351.6,16148,-2.45,0.527,-76.701
-492.19,-1125,15867,-2.433,0.555,-76.701
-140.63,-304.69,16383,-2.346,0.544,-76.707
523.44,-7.8125,16164,-2.324,0.516,-76.701
-39.063,-679.69,14703,-2.357,0.527,-76.696
-882.81,-671.88,15695,-2.379,0.56,-76.696
-515.63,-921.88,18414,-2.379,0.544,-76.701
562.5,-1820.3,17586,-2.417,0.527,-76.701
757.81,-1429.7,14000,-2.439,0.522,-76.701
-101.56,-117.19,13141,-2.373,0.544,-76.701
-343.75,453.13,15047,-2.307,0.544,-76.696
-414.06,289.06,16641,-2.313,0.505,-76.696
-1726.6,132.81,16180,-2.346,0.544,-76.701
-484.38,-1593.8,19164,-2.379,0.549,-76.707
742.19,-2460.9,16609,-2.433,0.538,-76.707
1437.5,-1679.7,12875,-2.472,0.516,-76.696
-242.19,31.25,11594,-2.428,0.533,-76.707
-1359.4,1015.6,15625,-2.313,0.549,-76.696
-992.19,1023.4,18633,-2.269,0.511,-76.696
-203.13,-507.81,19078,-2.379,0.511,-76.69
-93.75,-2515.6,17633,-2.483,0.549,-76.696
46.875,-2570.3,13602,-2.51,0.555,-76.696
710.94,-1031.3,12969,-2.411,0.533,-76.701
398.44,335.94,14625,-2.291,0.522,-76.701
-312.5,867.19,16375,-2.247,0.527,-76.701
-1171.9,476.56,16438,-2.351,0.538,-76.701
-273.44,-1312.5,17008,-2.477,0.516,-76.696
-265.63,-2031.3,15891,-2.494,0.538,-76.696
-617.19,-1445.3,15688,-2.433,0.538,-76.701
335.94,-640.63,15898,-2.351,0.522,-76.701
375,-171.88,15641,-2.313,0.533,-76.701
-93.75,-125,16594,-2.335,0.527,-76.701
-953.13,-320.31,16422,-2.373,0.544,-76.701
-164.06,-648.44,15781,-2.373,0.522,-76.701
304.69,-1328.1,17391,-2.373,0.527,-76.701
171.88,-1289.1,14914,-2.422,0.527,-76.701
250,-1414.1,14227,-2.494,0.527,-76.707
-367.19,-750,14266,-2.45,0.538,-76.701
-1046.9,359.38,17023,-2.291,0.538,-76.696
-312.5,343.75,20055,-2.208,0.522,-76.696
1023.4,-1117.2,18859,-2.302,0.511,-76.701
859.38,-1890.6,13617,-2.488,0.538,-76.707
-632.81,-1367.2,10672,-2.587,0.549,-76.712
-1320.3,-835.94,14875,-2.516,0.544,-76.707
734.38,320.31,14477,-2.351,0.522,-76.696
-632.81,1718.8,13961,-2.241,0.516,-76.69
-1335.9,1109.4,15695,-2.247,0.527,-76.696
-1906.3,-257.81,17617,-2.346,0.538,-76.707
-507.81,-2015.6,18047,-2.472,0.544,-76.712
578.13,-2570.3,16828,-2.527,0.533,-76.712
656.25,-1484.4,15148,-2.472,0.544,-76.712
664.06,117.19,15266,-2.329,0.538,-76.707
539.06,492.19,15695,-2.252,0.527,-76.701
-335.94,-335.94,15945,-2.324,0.516,-76.701
-1210.9,-867.19,14016,-2.455,0.544,-76.707
-851.56,-703.13,14922,-2.483,0.544,-76.707
-453.13,-460.94,18086,-2.357,0.538,-76.712
117.19,23.438,18609,-2.263,0.527,-76.707
664.06,-1148.4,15695,-2.313,0.516,-76.707
-39.063,-1906.3,13609,-2.483,0.533,-76.707
-750,-1140.6,14125,-2.516,0.549,-76.707
-687.5,281.25,16836,-2.362,0.538,-76.707
312.5,62.5,20188,-2.236,0.516,-76.701
648.44,-921.88,16617,-2.285,0.511,-76.707
-117.19,-1320.3,12367,-2.45,0.533,-76.707
-882.81,-1460.9,12789,-2.549,0.555,-76.712
-960.94,-468.75,15672,-2.406,0.538,-76.707
-484.38,929.69,18891,-2.23,0.511,-76.701
-62.5,585.94,20133,-2.186,0.516,-76.701
70.313,-1257.8,18594,-2.324,0.533,-76.701
929.69,-2187.5,13445,-2.549,0.527,-76.712
-242.19,-1898.4,11359,-2.653,0.538,-76.718
-1070.3,-695.31,13203,-2.521,0.544,-76.712
-1765.6,984.38,17750,-2.258,0.544,-76.701
-85.938,476.56,22383,-2.131,0.5,-76.701
1750,-1000,19555,-2.274,0.494,-76.701
1054.7,-2296.9,13961,-2.466,0.549,-76.712
-289.06,-1703.1,10453,-2.527,0.571,-76.718
-132.81,-1171.9,13508,-2.466,0.538,-76.718
-531.25,-195.31,16641,-2.384,0.522,-76.712
-1007.8,523.44,18188,-2.329,0.522,-76.707
-1101.6,93.75,17852,-2.313,0.538,-76.707
-125,-1132.8,19570,-2.34,0.533,-76.707
843.75,-1500,15867,-2.384,0.522,-76.707
742.19,-1640.6,14297,-2.428,0.538,-76.712
-78.125,-1445.3,14422,-2.439,0.544,-76.712
46.875,-789.06,14734,-2.39,0.538,-76.712
101.56,-46.875,17563,-2.335,0.522,-76.712
-359.38,-390.63,17984,-2.329,0.538,-76.707
351.56,-1023.4,17117,-2.351,0.533,-76.707
718.75,-617.19,14203,-2.373,0.527,-76.707
-78.125,-875,15008,-2.401,0.549,-76.712
-54.688,-1359.4,15680,-2.439,0.533,-76.712
-109.38,-898.44,15625,-2.444,0.533,-76.712
-421.88,0,14883,-2.362,0.544,-76.707
-234.38,-351.56,17891,-2.291,0.544,-76.707
1164.1,-507.81,15781,-2.307,0.516,-76.712
335.94,-421.88,12820,-2.411,0.544,-76.718
-656.25,-867.19,13688,-2.472,0.544,-76.723
914.06,-1468.8,13063,-2.461,0.549,-76.718
31.25,281.25,12641,-2.395,0.522,-76.707
-1132.8,1250,15359,-2.291,0.533,-76.707
-1960.9,1140.6,18688,-2.23,0.549,-76.712
-39.063,-1398.4,20602,-2.307,0.533,-76.718
773.44,-3000,15820,-2.494,0.533,-76.718
867.19,-2679.7,13453,-2.571,0.533,-76.718
0,-273.44,11477,-2.461,0.566,-76.712
-203.13,617.19,15703,-2.302,0.527,-76.707
-593.75,1007.8,16570,-2.258,0.516,-76.701
-1695.3,710.94,17078,-2.313,0.527,-76.712
-1117.2,-867.19,18609,-2.357,0.566,-76.718
70.313,-1945.3,19117,-2.406,0.538,-76.718
1140.6,-2078.1,15633,-2.461,0.522,-76.718
320.31,-1359.4,12188,-2.477,0.533,-76.718
78.125,-781.25,14977,-2.411,0.544,-76.712
-164.06,296.88,16078,-2.318,0.544,-76.707
210.94,265.63,17289,-2.296,0.516,-76.712
-726.56,-375,16734,-2.34,0.538,-76.712
-460.94,-1343.8,16711,-2.39,0.544,-76.718
320.31,-1343.8,15047,-2.439,0.538,-76.718
-250,-750,13445,-2.455,0.522,-76.712
-625,-39.063,15883,-2.368,0.538,-76.712
-875,578.13,18086,-2.252,0.538,-76.712
7.8125,-804.69,20375,-2.269,0.516,-76.707
406.25,-2351.6,15703,-2.433,0.522,-76.718
523.44,-1742.2,11102,-2.543,0.533,-76.712
-812.5,62.5,12250,-2.384,0.555,-76.718
-882.81,640.63,17898,-2.296,0.544,-76.707
-609.38,585.94,18906,-2.269,0.505,-76.707
-898.44,-710.94,17461,-2.39,0.549,-76.701
46.875,-1960.9,16719,-2.411,0.555,-76.707
1054.7,-2148.4,15547,-2.401,0.538,-76.712
1476.6,-828.13,13078,-2.395,0.511,-76.718
-1117.2,218.75,12906,-2.406,0.56,-76.718
-2312.5,320.31,17008,-2.395,0.549,-76.712
-1281.3,390.63,17438,-2.379,0.522,-76.707
-562.5,-484.38,19039,-2.34,0.533,-76.701
31.25,-1226.6,18422,-2.335,0.549,-76.707
1203.1,-1968.8,15469,-2.411,0.538,-76.712
984.38,-1484.4,12547,-2.494,0.538,-76.718
23.438,-804.69,12406,-2.466,0.549,-76.718
-1195.3,421.88,15070,-2.351,0.555,-76.712
-1101.6,773.44,19305,-2.28,0.533,-76.707
-343.75,23.438,18813,-2.335,0.527,-76.707
-390.63,-1359.4,16734,-2.422,0.549,-76.707
-328.13,-1828.1,15094,-2.477,0.555,-76.712
101.56,-1539.1,14336,-2.45,0.549,-76.712
460.94,-757.81,15641,-2.362,0.533,-76.707
-421.88,445.31,16305,-2.307,0.544,-76.712
-195.31,-335.94,17867,-2.335,0.538,-76.712
-109.38,-1351.6,15789,-2.439,0.555,-76.712
335.94,-1445.3,13820,-2.466,0.544,-76.712
-132.81,-343.75,13078,-2.401,0.549,-76.718
-710.94,359.38,15836,-2.324,0.549,-76.712
-757.81,500,17539,-2.307,0.533,-76.712
-859.38,-171.88,17602,-2.357,0.544,-76.707
-234.38,-1789.1,17961,-2.433,0.549,-76.707
-898.44,-742.19,15797,-2.461,0.56,-76.712
-570.31,-687.5,18125,-2.401,0.538,-76.718
398.44,-1171.9,19320,-2.335,0.549,-76.723
992.19,-1734.4,16211,-2.351,0.544,-76.718
1117.2,-960.94,12656,-2.422,0.538,-76.707
-414.06,171.88,12266,-2.411,0.549,-76.707
-1601.6,515.63,17211,-2.335,0.555,-76.707
-1046.9,-85.938,19422,-2.335,0.549,-76.712
-437.5,-1210.9,17461,-2.411,0.527,-76.718
-46.875,-1851.6,15758,-2.466,0.56,-76.718
421.88,-1304.7,15266,-2.417,0.56,-76.712
937.5,-281.25,14594,-2.351,0.549,-76.707
562.5,-54.688,14688,-2.324,0.522,-76.707
-1093.8,23.438,15227,-2.346,0.549,-76.707
-1492.2,-640.63,17188,-2.395,0.566,-76.712
-273.44,-1031.3,16883,-2.439,0.544,-76.712
-78.125,-703.13,16664,-2.34,0.549,-76.707
-414.06,-132.81,17250,-2.28,0.56,-76.712
0,-515.63,17109,-2.34,0.549,-76.712
507.81,-1234.4,14789,-2.395,0.533,-76.712
-195.31,-1031.3,14023,-2.461,0.549,-76.712
-1023.4,-726.56,17070,-2.417,0.56,-76.712
460.94,-687.5,17859,-2.324,0.533,-76.707
984.38,-718.75,15734,-2.34,0.544,-76.712
-54.688,-101.56,12992,-2.373,0.56,-76.718
-679.69,-664.06,14570,-2.422,0.566,-76.718
-523.44,-875,16922,-2.45,0.538,-76.712
-414.06,-515.63,16977,-2.401,0.538,-76.707
-210.94,-1078.1,18547,-2.318,0.566,-76.707
968.75,-1164.1,16703,-2.302,0.555,-76.712
1390.6,-1031.3,13523,-2.39,0.544,-76.723
-343.75,-304.69,11523,-2.461,0.56,-76.723
-1648.4,-234.38,14508,-2.444,0.571,-76.718
-1492.2,78.125,17797,-2.39,0.549,-76.712
-312.5,-531.25,19594,-2.34,0.533,-76.707
695.31,-1210.9,18086,-2.318,0.549,-76.712
593.75,-875,14492,-2.324,0.571,-76.718
976.56,-1078.1,14258,-2.379,0.549,-76.718
507.81,-1054.7,13742,-2.477,0.538,-76.723
-820.31,-804.69,14344,-2.494,0.56,-76.718
-1710.9,312.5,16445,-2.368,0.571,-76.712
-468.75,187.5,19680,-2.225,0.549,-76.707
835.94,-601.56,19977,-2.247,0.533,-76.712
1281.3,-1484.4,14719,-2.422,0.549,-76.718
109.38,-1656.3,11688,-2.543,0.577,-76.723
-937.5,-1265.6,12617,-2.494,0.582,-76.723
-179.69,-718.75,18344,-2.384,0.538,-76.718
406.25,93.75,14602,-2.34,0.544,-76.712
-359.38,-148.44,17250,-2.307,0.555,-76.712
-804.69,164.06,17148,-2.302,0.571,-76.712
-62.5,-1101.6,18047,-2.373,0.533,-76.718
-117.19,-1937.5,15625,-2.477,0.549,-76.718
-367.19,-1265.6,14188,-2.494,0.571,-76.718
-289.06,39.063,14727,-2.395,0.56,-76.718
54.688,546.88,16594,-2.291,0.549,-76.712
-468.75,78.125,18188,-2.274,0.527,-76.712
-1164.1,-695.31,17234,-2.346,0.566,-76.718
-101.56,-2179.7,17422,-2.439,0.555,-76.718
1281.3,-2210.9,14250,-2.466,0.549,-76.718
835.94,-1031.3,12922,-2.439,0.549,-76.712
-70.313,210.94,13953,-2.362,0.549,-76.707
-1437.5,976.56,15242,-2.296,0.566,-76.707
-914.06,-31.25,20297,-2.296,0.538,-76.718
-812.5,-1265.6,18266,-2.384,0.555,-76.723
609.38,-2570.3,16594,-2.466,0.549,-76.723
937.5,-1593.8,13039,-2.466,0.56,-76.718
656.25,-414.06,13422,-2.406,0.549,-76.712
54.688,414.06,14445,-2.329,0.538,-76.707
-1375,1070.3,15609,-2.291,0.544,-76.707
-1375,242.19,18148,-2.302,0.56,-76.712
-828.13,-1687.5,18031,-2.401,0.555,-76.718
421.88,-2757.8,16344,-2.56,0.538,-76.712
-203.13,-1437.5,12602,-2.477,0.582,-76.718
-23.438,351.56,14766,-2.285,0.555,-76.718
-85.938,1171.9,17805,-2.164,0.544,-76.718
-46.875,546.88,18313,-2.274,0.538,-76.712
-671.88,-960.94,15539,-2.488,0.555,-76.712
-640.63,-2445.3,14578,-2.593,0.577,-76.718
-125,-1765.6,13484,-2.516,0.566,-76.718
148.44,-335.94,15656,-2.379,0.555,-76.718
15.625,429.69,16867,-2.291,0.544,-76.718
-515.63,570.31,16602,-2.285,0.555,-76.718
-867.19,-164.06,17711,-2.351,0.555,-76.718
-320.31,-1804.7,17891,-2.488,0.549,-76.718
796.88,-2578.1,15547,-2.532,0.544,-76.718
-54.688,-765.63,11766,-2.455,0.577,-76.723
-796.88,492.19,14938,-2.324,0.571,-76.723
-210.94,812.5,18727,-2.285,0.522,-76.718
-1109.4,203.13,17891,-2.373,0.549,-76.718
-789.06,-1398.4,17180,-2.461,0.566,-76.712
437.5,-2632.8,16195,-2.488,0.571,-76.718
1164.1,-1898.4,13813,-2.422,0.56,-76.723
187.5,93.75,13258,-2.368,0.56,-76.723
-671.88,992.19,14555,-2.324,0.544,-76.723
-1718.8,1039.1,16461,-2.34,0.555,-76.718
-1492.2,-484.38,19336,-2.417,0.555,-76.712
-476.56,-1890.6,17813,-2.505,0.555,-76.707
257.81,-2000,15539,-2.466,0.56,-76.712
109.38,-742.19,15016,-2.346,0.571,-76.718
78.125,93.75,16039,-2.296,0.56,-76.718
578.13,-265.63,15680,-2.351,0.533,-76.718
-359.38,-296.88,14180,-2.433,0.555,-76.718
-1406.3,-671.88,15484,-2.45,0.571,-76.718
-429.69,-937.5,17609,-2.411,0.56,-76.712
421.88,-640.63,17336,-2.351,0.544,-76.712
-234.38,-85.938,16141,-2.34,0.555,-76.712
-515.63,-531.25,15391,-2.384,0.566,-76.718
328.13,-1375,15836,-2.45,0.544,-76.718
-273.44,-1250,15055,-2.488,0.56,-76.718
-546.88,-460.94,14914,-2.439,0.571,-76.718
-335.94,296.88,16688,-2.335,0.566,-76.712
125,382.81,18453,-2.274,0.544,-76.718
-187.5,-968.75,17320,-2.335,0.555,-76.718
453.13,-2375,15313,-2.494,0.549,-76.718
46.875,-1421.9,11453,-2.565,0.566,-76.718
-359.38,-265.63,13945,-2.477,0.555,-76.712
-1125,453.13,18016,-2.34,0.566,-76.712
-804.69,156.25,19359,-2.313,0.544,-76.718
7.8125,-914.06,17680,-2.384,0.544,-76.729
515.63,-1687.5,16156,-2.417,0.571,-76.723
953.13,-1679.7,16227,-2.411,0.56,-76.718
1125,-1000,13898,-2.428,0.549,-76.712
-78.125,-468.75,13031,-2.45,0.538,-76.712
-1789.1,210.94,15719,-2.422,0.577,-76.718
-1218.8,0,18516,-2.384,0.56,-76.718
-46.875,-632.81,18742,-2.379,0.538,-76.723
-148.44,-1070.3,16969,-2.39,0.555,-76.723
335.94,-882.81,15070,-2.384,0.577,-76.718
1156.3,-1132.8,15117,-2.39,0.544,-76.718
531.25,-1226.6,14570,-2.422,0.549,-76.712
-601.56,-1085.9,15352,-2.483,0.555,-76.718
-1054.7,-656.25,15531,-2.488,0.571,-76.723
-335.94,132.81,17227,-2.401,0.566,-76.723
203.13,445.31,18891,-2.263,0.544,-76.723
54.688,93.75,16992,-2.252,0.555,-76.723
187.5,-1734.4,15195,-2.417,0.544,-76.718
-39.063,-2242.2,13094,-2.598,0.571,-76.718
-937.5,-1085.9,14211,-2.593,0.571,-76.723
-539.06,-148.44,18344,-2.318,0.555,-76.718
531.25,171.88,18391,-2.225,0.538,-76.712
773.44,-312.5,16391,-2.324,0.544,-76.718
0,-796.88,13484,-2.494,0.566,-76.723
-679.69,-1640.6,14273,-2.532,0.571,-76.718
-750,-804.69,16070,-2.51,0.588,-76.718
15.625,-625,19555,-2.401,0.544,-76.723
320.31,-867.19,18445,-2.34,0.56,-76.723
1421.9,-984.38,14680,-2.351,0.549,-76.718
679.69,-562.5,12023,-2.417,0.566,-76.729
-757.81,-335.94,13352,-2.483,0.566,-76.729
-812.5,-640.63,16820,-2.494,0.549,-76.723
-1523.4,-351.56,17492,-2.433,0.571,-76.712
54.688,-1367.2,20156,-2.368,0.549,-76.712
851.56,-1406.3,17016,-2.357,0.566,-76.718
1796.9,-976.56,13648,-2.362,0.549,-76.723
781.25,-234.38,12328,-2.39,0.566,-76.729
-726.56,-484.38,14813,-2.45,0.566,-76.723
-703.13,-554.69,15352,-2.483,0.544,-76.723
-1195.3,-273.44,16320,-2.444,0.555,-76.718
-1085.9,-656.25,18867,-2.373,0.566,-76.718
-171.88,-695.31,17602,-2.346,0.549,-76.712
1132.8,-898.44,15516,-2.384,0.544,-76.718
414.06,-1156.3,14164,-2.45,0.571,-76.723
-382.81,-1343.8,15344,-2.466,0.571,-76.723
-390.63,-171.88,15156,-2.395,0.549,-76.723
-742.19,226.56,18000,-2.357,0.549,-76.718
-351.56,-734.38,18984,-2.379,0.544,-76.718
-171.88,-1031.3,14336,-2.444,0.566,-76.718
265.63,-1000,14008,-2.439,0.555,-76.723
-304.69,-687.5,15578,-2.395,0.571,-76.723
78.125,-484.38,17688,-2.379,0.533,-76.723
-687.5,-445.31,17289,-2.406,0.555,-76.718
-617.19,-1234.4,17617,-2.433,0.56,-76.718
406.25,-1273.4,15422,-2.401,0.555,-76.718
875,-312.5,13531,-2.357,0.549,-76.729
-7.8125,0,15164,-2.373,0.549,-76.734
-1125,-421.88,16078,-2.466,0.56,-76.729
-1000,-671.88,15820,-2.505,0.538,-76.723
-914.06,-671.88,16688,-2.401,0.566,-76.718
570.31,-968.75,18656,-2.291,0.549,-76.718
1484.4,-820.31,16398,-2.329,0.544,-76.729
-351.56,-1406.3,16766,-2.439,0.544,-76.734
-179.69,-1835.9,15313,-2.466,0.582,-76.729
1031.3,-1476.6,15219,-2.45,0.555,-76.723
851.56,-882.81,13508,-2.444,0.527,-76.723
-937.5,257.81,12281,-2.411,0.549,-76.718
-1750,859.38,17500,-2.313,0.571,-76.718
-898.44,-46.875,20969,-2.285,0.555,-76.723
1085.9,-1835.9,18813,-2.39,0.533,-76.729
648.44,-2156.3,13570,-2.494,0.549,-76.729
125,-1421.9,12867,-2.505,0.582,-76.723
406.25,-281.25,14500,-2.422,0.555,-76.718
-390.63,757.81,15477,-2.324,0.533,-76.718
-1140.6,789.06,17281,-2.296,0.555,-76.718
-1265.6,-750,17789,-2.379,0.56,-76.729
109.38,-1992.2,16164,-2.527,0.544,-76.723
570.31,-1468.8,13664,-2.483,0.555,-76.723
-273.44,-101.56,14820,-2.346,0.571,-76.723
-195.31,453.13,16977,-2.28,0.544,-76.723
-54.688,-210.94,17578,-2.368,0.538,-76.723
-656.25,-1039.1,16016,-2.483,0.56,-76.723
-367.19,-1687.5,15461,-2.499,0.566,-76.723
7.8125,-1234.4,15531,-2.39,0.566,-76.723
421.88,-156.25,15852,-2.335,0.544,-76.723
507.81,-156.25,15617,-2.395,0.533,-76.729
-1179.7,-445.31,15563,-2.444,0.571,-76.729
-1531.3,-671.88,17570,-2.428,0.56,-76.723
-273.44,-1164.1,19375,-2.379,0.549,-76.712
1437.5,-1687.5,18336,-2.362,0.538,-76.718
1148.4,-1187.5,14188,-2.357,0.56,-76.723
-23.438,-375,12375,-2.384,0.571,-76.729
-343.75,-437.5,15133,-2.455,0.544,-76.729
-593.75,-648.44,16836,-2.488,0.538,-76.723
-1351.6,-343.75,15828,-2.428,0.566,-76.718
-867.19,-578.13,19219,-2.329,0.566,-76.718
828.13,-726.56,18922,-2.296,0.533,-76.718
1343.8,-867.19,13875,-2.379,0.544,-76.723
78.125,-1179.7,13531,-2.483,0.566,-76.729
-906.25,-1054.7,13938,-2.51,0.577,-76.729
-515.63,-179.69,15508,-2.433,0.544,-76.723
335.94,0,15797,-2.34,0.549,-76.718
-523.44,-343.75,19336,-2.329,0.555,-76.718
171.88,-968.75,16859,-2.395,0.538,-76.718
54.688,-1171.9,13758,-2.477,0.555,-76.723
46.875,-1648.4,14898,-2.483,0.555,-76.723
-125,-945.31,15742,-2.428,0.555,-76.723
-242.19,70.313,16250,-2.351,0.538,-76.723
-429.69,156.25,17508,-2.313,0.549,-76.718
-62.5,-531.25,17180,-2.362,0.549,-76.718
476.56,-1218.8,14992,-2.45,0.538,-76.723
-320.31,-1992.2,16414,-2.51,0.549,-76.729
195.31,-1437.5,15852,-2.483,0.56,-76.729
148.44,320.31,14086,-2.384,0.544,-76.723
-187.5,1085.9,15859,-2.274,0.538,-76.718
-898.44,421.88,17773,-2.269,0.544,-76.718
-523.44,-1460.9,18250,-2.395,0.544,-76.723
-148.44,-2664.1,15852,-2.554,0.549,-76.729
750,-2617.2,14680,-2.582,0.555,-76.729
562.5,-492.19,13445,-2.455,0.56,-76.718
273.44,1054.7,15648,-2.274,0.533,-76.712
-515.63,1195.3,15773,-2.208,0.527,-76.712
-1078.1,109.38,16625,-2.296,0.533,-76.718
-1078.1,-1593.8,16734,-2.461,0.544,-76.723
-468.75,-2312.5,16273,-2.549,0.555,-76.729
359.38,-1679.7,16406,-2.422,0.544,-76.718
578.13,-367.19,15289,-2.329,0.538,-76.723
484.38,398.44,15250,-2.285,0.533,-76.723
-625,546.88,15203,-2.324,0.549,-76.723
-890.63,-273.44,16555,-2.433,0.527,-76.723
-656.25,-1500,16180,-2.532,0.533,-76.718
-367.19,-1796.9,15438,-2.51,0.544,-76.718
-140.63,-656.25,15484,-2.362,0.549,-76.718
140.63,632.81,16664,-2.247,0.527,-76.718
523.44,593.75,16930,-2.241,0.516,-76.723
-718.75,-234.38,15961,-2.373,0.544,-76.718
-804.69,-1500,16766,-2.538,0.527,-76.718
-218.75,-2453.1,14820,-2.598,0.538,-76.718
250,-1476.6,14320,-2.461,0.538,-76.718
-109.38,609.38,15734,-2.274,0.538,-76.718
-132.81,921.88,17516,-2.258,0.522,-76.718
132.81,-195.31,16930,-2.395,0.505,-76.718
-1070.3,-890.63,15133,-2.494,0.549,-76.712
-820.31,-1687.5,16711,-2.472,0.549,-76.712
328.13,-1937.5,17609,-2.417,0.538,-76.712
1289.1,-1125,14688,-2.384,0.527,-76.718
500,265.63,12508,-2.362,0.538,-76.723
-968.75,703.13,14883,-2.357,0.549,-76.723
-1671.9,304.69,17930,-2.422,0.527,-76.718
-742.19,-804.69,17477,-2.488,0.522,-76.707
31.25,-1867.2,16656,-2.472,0.544,-76.712
132.81,-1695.3,16297,-2.395,0.566,-76.712
1132.8,-578.13,14148,-2.362,0.527,-76.718
648.44,242.19,13688,-2.384,0.522,-76.723
-1210.9,296.88,14703,-2.417,0.549,-76.723
-2156.3,-23.438,17281,-2.45,0.544,-76.712
-562.5,-1164.1,18516,-2.472,0.516,-76.712
-710.94,109.38,14211,-2.439,0.533,-76.707
-1968.8,742.19,17344,-2.362,0.549,-76.712
-562.5,-117.19,19406,-2.34,0.538,-76.718
289.06,-1296.9,17656,-2.39,0.516,-76.718
304.69,-1648.4,15422,-2.444,0.544,-76.718
468.75,-1484.4,14180,-2.466,0.538,-76.718
296.88,-1265.6,15344,-2.444,0.533,-76.712
242.19,-328.13,15383,-2.401,0.538,-76.712
-468.75,226.56,16578,-2.362,0.527,-76.712
-460.94,-335.94,18016,-2.357,0.549,-76.712
15.625,-976.56,16750,-2.395,0.527,-76.718
476.56,-1085.9,14336,-2.433,0.533,-76.712
-367.19,-1109.4,14117,-2.461,0.533,-76.712
-421.88,-1015.6,15961,-2.455,0.544,-76.707
-828.13,-85.938,17016,-2.406,0.538,-76.712
-54.688,-296.88,19320,-2.324,0.538,-76.712
781.25,-1031.3,18648,-2.307,0.538,-76.712
1367.2,-1718.8,14375,-2.39,0.527,-76.712
390.63,-1125,11898,-2.549,0.533,-76.723
-1570.3,-429.69,13031,-2.505,0.566,-76.718
-1632.8,320.31,17984,-2.379,0.527,-76.707
-218.75,-171.88,21367,-2.302,0.516,-76.701
859.38,-1289.1,19664,-2.346,0.522,-76.707
898.44,-1828.1,14258,-2.422,0.555,-76.712
554.69,-1273.4,12180,-2.45,0.549,-76.718
54.688,-460.94,13508,-2.433,0.533,-76.723
-632.81,-7.8125,15648,-2.411,0.533,-76.723
-1867.2,460.94,16609,-2.401,0.544,-76.712
-906.25,-382.81,18898,-2.384,0.533,-76.707
-187.5,-929.69,18766,-2.351,0.544,-76.707
835.94,-1453.1,16430,-2.395,0.533,-76.712
773.44,-1531.3,13164,-2.472,0.544,-76.718
-281.25,-695.31,12289,-2.466,0.555,-76.718
-640.63,390.63,14086,-2.362,0.544,-76.718
-1132.8,648.44,18648,-2.324,0.544,-76.712
-148.44,-359.38,18875,-2.395,0.516,-76.712
-523.44,-1187.5,15539,-2.45,0.555,-76.712
-695.31,-1031.3,14281,-2.461,0.555,-76.712
265.63,-773.44,15500,-2.411,0.533,-76.718
-62.5,-273.44,16391,-2.379,0.538,-76.712
-789.06,-23.438,16523,-2.39,0.538,-76.712
-976.56,-835.94,17898,-2.422,0.555,-76.712
210.94,-1632.8,17031,-2.45,0.538,-76.712
585.94,-1015.6,14047,-2.39,0.549,-76.712
-101.56,351.56,13805,-2.329,0.549,-76.718
-460.94,421.88,16133,-2.351,0.533,-76.718
-1046.9,-265.63,17516,-2.439,0.538,-76.712
-656.25,-1218.8,16727,-2.472,0.544,-76.707
-46.875,-2007.8,18531,-2.433,0.56,-76.707
-1328.1,-468.75,20070,-2.406,0.549,-76.712
-226.56,-1085.9,18016,-2.45,0.527,-76.723
500,-1382.8,16438,-2.428,0.549,-76.723
648.44,-625,15289,-2.346,0.566,-76.718
1109.4,15.625,14258,-2.313,0.533,-76.707
-23.438,0,13203,-2.39,0.516,-76.707
-1585.9,-492.19,14063,-2.483,0.544,-76.712
-2164.1,-953.13,17836,-2.483,0.577,-76.718
-289.06,-945.31,19453,-2.444,0.549,-76.723
1062.5,-687.5,18266,-2.362,0.527,-76.723
671.88,-468.75,15898,-2.296,0.538,-76.718
796.88,-742.19,15078,-2.318,0.549,-76.712
468.75,-1421.9,13898,-2.439,0.533,-76.712
250,-1164.1,13031,-2.51,0.538,-76.712
-1218.8,-234.38,15125,-2.444,0.555,-76.718
-578.13,-398.44,19039,-2.362,0.555,-76.718
367.19,-468.75,17172,-2.368,0.527,-76.718
-367.19,-187.5,14250,-2.395,0.533,-76.718
-1085.9,-289.06,15234,-2.39,0.566,-76.718
62.5,-843.75,17641,-2.39,0.538,-76.718
-164.06,-750,15508,-2.411,0.527,-76.718
-726.56,-1117.2,17406,-2.422,0.533,-76.718
-226.56,-1273.4,17313,-2.395,0.549,-76.718
1265.6,-1250,15133,-2.395,0.527,-76.718
718.75,-101.56,12961,-2.384,0.533,-76.723
-1218.8,492.19,14086,-2.379,0.566,-76.723
-1109.4,-289.06,19094,-2.406,0.533,-76.712
-546.88,-1054.7,18266,-2.444,0.533,-76.707
195.31,-1781.3,17367,-2.439,0.544,-76.707
710.94,-1609.4,15813,-2.362,0.566,-76.712
1265.6,-492.19,15063,-2.324,0.538,-76.723
687.5,101.56,14281,-2.368,0.527,-76.723
-1273.4,39.063,14469,-2.428,0.56,-76.718
-1554.7,-210.94,16719,-2.455,0.538,-76.712
-773.44,-1578.1,18711,-2.461,0.544,-76.712
312.5,-2007.8,18117,-2.461,0.527,-76.712
906.25,-1507.8,14609,-2.406,0.56,-76.718
468.75,0,13383,-2.318,0.555,-76.723
-117.19,820.31,15063,-2.296,0.544,-76.718
-398.44,320.31,16914,-2.379,0.522,-76.718
-1335.9,-312.5,15297,-2.483,0.544,-76.718
-1148.4,-1500,16281,-2.51,0.56,-76.712
-351.56,-1695.3,17242,-2.444,0.549,-76.712
687.5,-820.31,17109,-2.368,0.527,-76.712
257.81,-31.25,14703,-2.335,0.544,-76.718
-398.44,-23.438,14766,-2.335,0.56,-76.718
210.94,-406.25,15734,-2.401,0.527,-76.718
-132.81,-1015.6,16477,-2.455,0.538,-76.718
-265.63,-1570.3,15461,-2.483,0.555,-76.712
101.56,-1117.2,14406,-2.422,0.549,-76.712
-382.81,156.25,18141,-2.324,0.544,-76.712
992.19,-734.38,19195,-2.313,0.522,-76.718
109.38,-1343.8,13820,-2.384,0.544,-76.712
0,-1234.4,12539,-2.516,0.549,-76.707
132.81,-2554.7,16531,-2.532,0.544,-76.707
-1492.2,359.38,18109,-2.406,0.549,-76.712
-656.25,265.63,21125,-2.263,0.544,-76.718
476.56,-1015.6,20102,-2.258,0.533,-76.718
1601.6,-2125,15281,-2.401,0.533,-76.712
296.88,-1812.5,11742,-2.51,0.538,-76.707
-781.25,-898.44,12367,-2.521,0.56,-76.707
-726.56,31.25,15133,-2.455,0.538,-76.707
-1406.3,742.19,19000,-2.329,0.538,-76.712
-742.19,273.44,19633,-2.252,0.555,-76.712
218.75,-1546.9,19969,-2.307,0.533,-76.718
1156.3,-2257.8,13727,-2.472,0.549,-76.712
343.75,-1429.7,10992,-2.549,0.527,-76.707
-945.31,23.438,13125,-2.45,0.571,-76.707
-671.88,546.88,18227,-2.313,0.538,-76.707
-375,531.25,18570,-2.274,0.527,-76.712
-1062.5,-757.81,16914,-2.362,0.538,-76.712
-367.19,-2109.4,17547,-2.472,0.555,-76.718
-39.063,-1273.4,13727,-2.494,0.549,-76.712
382.81,-250,14992,-2.351,0.527,-76.712
-390.63,234.38,16703,-2.291,0.549,-76.712
-281.25,-218.75,17109,-2.357,0.533,-76.712
-296.88,-882.81,16227,-2.45,0.533,-76.712
-523.44,-1453.1,15438,-2.461,0.555,-76.707
382.81,-1195.3,15891,-2.379,0.538,-76.712
85.938,-210.94,14922,-2.318,0.538,-76.712
507.81,-132.81,16016,-2.357,0.516,-76.712
-562.5,-640.63,15516,-2.433,0.538,-76.712
-1140.6,-914.06,16383,-2.444,0.544,-76.712
-304.69,-898.44,17188,-2.379,0.538,-76.707
1070.3,-890.63,17961,-2.302,0.516,-76.707
656.25,-164.06,14398,-2.313,0.538,-76.718
-523.44,-382.81,13688,-2.433,0.544,-76.718
-695.31,-1000,14719,-2.532,0.533,-76.718
-1359.4,-484.38,15859,-2.477,0.544,-76.712
-601.56,-492.19,18633,-2.285,0.544,-76.701
468.75,-539.06,19891,-2.197,0.538,-76.701
2015.6,-1125,16445,-2.313,0.511,-76.712
609.38,-1101.6,11063,-2.51,0.538,-76.723
-1343.8,-960.94,11672,-2.576,0.566,-76.718
-1750,-179.69,15289,-2.455,0.555,-76.718
-882.81,484.38,20047,-2.291,0.505,-76.707
-109.38,359.38,20234,-2.241,0.516,-76.707
-273.44,-1039.1,18945,-2.34,0.549,-76.707
500,-1937.5,14250,-2.472,0.538,-76.712
-625,-1796.9,11883,-2.51,0.555,-76.718
-101.56,-781.25,17547,-2.417,0.538,-76.718
218.75,-117.19,17680,-2.302,0.544,-76.712
390.63,-421.88,16281,-2.302,0.527,-76.712
531.25,-1679.7,15406,-2.406,0.533,-76.712
-132.81,-1796.9,14375,-2.494,0.533,-76.712
-62.5,-1132.8,15500,-2.483,0.549,-76.718
39.063,-507.81,16977,-2.39,0.538,-76.712
523.44,125,16734,-2.302,0.527,-76.712
210.94,-15.625,15188,-2.307,0.527,-76.712
-257.81,-710.94,14484,-2.406,0.538,-76.712
-484.38,-1187.5,15367,-2.461,0.538,-76.712
-1007.8,-914.06,17938,-2.444,0.544,-76.718
-23.438,-1218.8,18602,-2.411,0.544,-76.723
726.56,-1000,15656,-2.39,0.533,-76.718
648.44,46.875,13594,-2.346,0.533,-76.712
-257.81,656.25,13906,-2.307,0.538,-76.707
-367.19,0,15836,-2.34,0.522,-76.707
-1421.9,-562.5,15844,-2.428,0.533,-76.712
-1257.8,-1500,17289,-2.488,0.549,-76.718
0,-1695.3,17875,-2.466,0.555,-76.718
875,-1179.7,16422,-2.406,0.522,-76.718
468.75,-15.625,13891,-2.357,0.533,-76.712
-39.063,375,14102,-2.324,0.533,-76.707
-351.56,78.125,15500,-2.329,0.538,-76.707
-1289.1,-468.75,16227,-2.39,0.533,-76.712
-640.63,-1531.3,17625,-2.472,0.544,-76.718
-226.56,-1414.1,16148,-2.466,0.549,-76.718
304.69,-562.5,16648,-2.373,0.533,-76.718
390.63,-23.438,15648,-2.302,0.538,-76.712
812.5,-617.19,16047,-2.318,0.511,-76.707
-859.38,-421.88,14555,-2.384,0.544,-76.712
-1007.8,-1296.9,16547,-2.45,0.538,-76.712
46.875,-1484.4,16602,-2.488,0.538,-76.712
-15.625,-351.56,15531,-2.406,0.527,-76.712
-179.69,703.13,16570,-2.269,0.538,-76.712
70.313,187.5,17531,-2.219,0.533,-76.707
343.75,-1328.1,16680,-2.335,0.516,-76.707
-578.13,-2070.3,14375,-2.532,0.527,-76.712
-570.31,-1992.2,14984,-2.587,0.555,-76.718
39.063,-679.69,16242,-2.346,0.544,-76.707
796.88,484.38,17250,-2.214,0.516,-76.712
148.44,1031.3,15180,-2.263,0.527,-76.712
-812.5,-54.688,16273,-2.39,0.538,-76.712
-1335.9,-890.63,15438,-2.477,0.544,-76.707
-54.688,-2078.1,17156,-2.505,0.527,-76.707
687.5,-2296.9,17211,-2.439,0.538,-76.712
804.69,-1000,14484,-2.324,0.549,-76.712
546.88,562.5,13992,-2.247,0.538,-76.718
-179.69,1015.6,14953,-2.28,0.527,-76.718
-640.63,-85.938,16813,-2.411,0.527,-76.718
-1593.8,-960.94,15664,-2.51,0.555,-76.712
-703.13,-1890.6,17273,-2.499,0.549,-76.707
445.31,-1273.4,17352,-2.368,0.538,-76.707
710.94,-468.75,17250,-2.28,0.533,-76.712
484.38,-625,16352,-2.329,0.544,-76.718
281.25,-1187.5,14117,-2.455,0.549,-76.718
78.125,-968.75,13344,-2.483,0.538,-76.718
-1070.3,-109.38,15430,-2.395,0.56,-76.712
-484.38,-265.63,19703,-2.307,0.533,-76.707
648.44,-546.88,18148,-2.313,0.527,-76.707
257.81,-1093.8,15133,-2.395,0.544,-76.712
-195.31,-1593.8,14539,-2.483,0.555,-76.712
-210.94,-1734.4,14703,-2.483,0.549,-76.718
-289.06,-234.38,15023,-2.379,0.538,-76.712
-554.69,687.5,18000,-2.252,0.538,-76.712
-515.63,-70.313,18711,-2.263,0.549,-76.707
742.19,-1226.6,15977,-2.428,0.527,-76.712
117.19,-1320.3,11977,-2.527,0.549,-76.718
-726.56,-625,13016,-2.439,0.56,-76.718
-765.63,-156.25,18578,-2.329,0.533,-76.712
-601.56,-218.75,19688,-2.351,0.522,-76.712
382.81,-1304.7,17328,-2.428,0.527,-76.707
-1734.4,0,15891,-2.395,0.571,-76.712
-250,-148.44,14148,-2.329,0.555,-76.718
1187.5,-1664.1,15891,-2.357,0.516,-76.723
1195.3,-1796.9,13078,-2.428,0.538,-76.718
0,-523.44,12102,-2.417,0.555,-76.712
-320.31,968.75,15125,-2.302,0.566,-76.707
-70.313,1906.3,17867,-2.175,0.511,-76.707
-1164.1,1593.8,19430,-2.137,0.522,-76.712
-835.94,-531.25,18070,-2.208,0.56,-76.718
554.69,-2515.6,17039,-2.406,0.544,-76.723
429.69,-2929.7,13875,-2.571,0.533,-76.718
0,-1585.9,12344,-2.549,0.555,-76.718
-468.75,31.25,15680,-2.357,0.566,-76.712
250,695.31,18281,-2.186,0.538,-76.712
343.75,335.94,16750,-2.192,0.522,-76.712
-437.5,-578.13,14555,-2.296,0.538,-76.712
-789.06,-1140.6,15078,-2.368,0.571,-76.718
15.625,-1429.7,16492,-2.379,0.549,-76.718
343.75,-1109.4,15766,-2.368,0.533,-76.718
-570.31,-390.63,15234,-2.335,0.549,-76.718
-617.19,101.56,16367,-2.269,0.56,-76.712
125,-93.75,17828,-2.23,0.544,-76.718
203.13,-898.44,16586,-2.285,0.527,-76.712
-460.94,-1414.1,14789,-2.379,0.549,-76.718
-445.31,-1101.6,14477,-2.39,0.56,-76.718
15.625,-523.44,16742,-2.318,0.549,-76.718
148.44,-234.38,17367,-2.269,0.533,-76.718
-265.63,-453.13,15469,-2.285,0.544,-76.718
-429.69,-625,15430,-2.318,0.555,-76.718
-93.75,-843.75,16313,-2.324,0.544,-76.718
7.8125,-882.81,16430,-2.324,0.538,-76.718
-312.5,-875,15617,-2.329,0.544,-76.718
-304.69,-593.75,15703,-2.324,0.555,-76.718
0,-312.5,16320,-2.291,0.544,-76.718
-78.125,-492.19,16898,-2.274,0.538,-76.718
-179.69,-906.25,15938,-2.313,0.544,-76.718
-140.63,-1046.9,15133,-2.351,0.549,-76.718
-250,-742.19,15672,-2.34,0.549,-76.718
-164.06,-476.56,16719,-2.302,0.544,-76.718
0,-460.94,16250,-2.291,0.544,-76.718
-179.69,-687.5,15633,-2.313,0.544,-76.718
-312.5,-695.31,15898,-2.324,0.549,-76.718
-46.875,-742.19,16195,-2.318,0.538,-76.718
-78.125,-757.81,16133,-2.318,0.538,-76.718
-398.44,-656.25,15672,-2.324,0.544,-76.718
-125,-585.94,16055,-2.313,0.544,-76.718
-101.56,-507.81,16297,-2.302,0.538,-76.718
-125,-695.31,16320,-2.307,0.538,-76.718
-171.88,-875,15539,-2.329,0.544,-76.718
-164.06,-734.38,15648,-2.329,0.538,-76.718
-226.56,-585.94,16391,-2.313,0.538,-76.718
-62.5,-593.75,16195,-2.307,0.538,-76.718
-117.19,-593.75,15875,-2.313,0.538,-76.718
-257.81,-734.38,15820,-2.324,0.538,-76.718
-117.19,-710.94,16141,-2.324,0.538,-76.718
-85.938,-640.63,15875,-2.318,0.533,-76.718
-156.25,-617.19,16023,-2.318,0.538,-76.718
-281.25,-578.13,15898,-2.313,0.538,-76.718
-39.063,-609.38,16148,-2.313,0.533,-76.718
-171.88,-695.31,16109,-2.318,0.533,-76.718
-171.88,-742.19,15969,-2.324,0.538,-76.718
-78.125,-703.13,15672,-2.324,0.538,-76.718
-85.938,-671.88,15984,-2.318,0.533,-76.718
-109.38,-718.75,15969,-2.318,0.538,-76.718
-62.5,-570.31,15539,-2.318,0.538,-76.718
-195.31,-585.94,16094,-2.313,0.538,-76.718
-125,-695.31,16156,-2.324,0.538,-76.718
-70.313,-765.63,15766,-2.329,0.538,-76.718
-265.63,-656.25,15719,-2.324,0.544,-76.718
-210.94,-593.75,16336,-2.313,0.533,-76.718
-54.688,-617.19,16141,-2.318,0.533,-76.718
-125,-734.38,15750,-2.329,0.538,-76.718
-234.38,-734.38,15875,-2.329,0.538,-76.718
-156.25,-664.06,16023,-2.318,0.533,-76.718
-23.438,-601.56,16094,-2.318,0.533,-76.718
-257.81,-687.5,16000,-2.329,0.538,-76.718
-117.19,-687.5,15789,-2.329,0.533,-76.718
-218.75,-625,15813,-2.324,0.533,-76.718
-140.63,-632.81,16289,-2.324,0.533,-76.718
-132.81,-695.31,15992,-2.329,0.533,-76.718
-171.88,-718.75,15766,-2.329,0.533,-76.718
-234.38,-617.19,15914,-2.318,0.533,-76.718
-78.125,-648.44,16406,-2.318,0.533,-76.718
-93.75,-640.63,15859,-2.329,0.533,-76.718
-140.63,-781.25,15766,-2.335,0.533,-76.718
-210.94,-671.88,15961,-2.329,0.533,-76.718
-101.56,-609.38,15977,-2.318,0.533,-76.718
-62.5,-671.88,16164,-2.329,0.527,-76.718
-218.75,-695.31,15820,-2.335,0.533,-76.718
-164.06,-671.88,15680,-2.329,0.533,-76.718
-273.44,-570.31,16188,-2.324,0.533,-76.718
-203.13,-703.13,16313,-2.329,0.533,-76.718
-39.063,-742.19,15734,-2.335,0.527,-76.718
-312.5,-695.31,15719,-2.329,0.538,-76.718
-187.5,-617.19,16273,-2.324,0.533,-76.718
15.625,-640.63,16070,-2.329,0.527,-76.718
-179.69,-664.06,15680,-2.34,0.533,-76.718
-273.44,-734.38,15836,-2.335,0.533,-76.718
-23.438,-656.25,16055,-2.324,0.527,-76.718
-62.5,-601.56,16125,-2.329,0.527,-76.718
-234.38,-765.63,15984,-2.34,0.533,-76.718
-187.5,-687.5,15688,-2.34,0.533,-76.718
-117.19,-601.56,16117,-2.329,0.527,-76.718
-203.13,-640.63,16320,-2.335,0.527,-76.718
-156.25,-695.31,15898,-2.34,0.527,-76.718
-171.88,-648.44,15609,-2.34,0.527,-76.718
-203.13,-609.38,16180,-2.329,0.522,-76.718
-109.38,-640.63,16313,-2.335,0.522,-76.718
-101.56,-656.25,15758,-2.346,0.522,-76.718
-265.63,-687.5,15906,-2.346,0.522,-76.718
-250,-632.81,16078,-2.335,0.522,-76.718
-62.5,-632.81,16211,-2.329,0.522,-76.718
-148.44,-671.88,16039,-2.34,0.522,-76.718
-234.38,-765.63,15766,-2.346,0.522,-76.718
-62.5,-648.44,15789,-2.335,0.522,-76.718
-125,-593.75,16391,-2.335,0.522,-76.718
-164.06,-710.94,16117,-2.346,0.522,-76.718
-179.69,-718.75,15688,-2.346,0.522,-76.718
-187.5,-625,16336,-2.34,0.522,-76.718
-101.56,-664.06,16234,-2.335,0.516,-76.718
-93.75,-765.63,15813,-2.346,0.516,-76.718
-320.31,-703.13,15828,-2.351,0.522,-76.718
-54.688,-664.06,16289,-2.34,0.516,-76.718
-15.625,-703.13,16125,-2.34,0.516,-76.718
-156.25,-734.38,15930,-2.346,0.522,-76.718
-125,-703.13,15828,-2.351,0.522,-76.718
-85.938,-593.75,15953,-2.34,0.522,-76.718
-140.63,-617.19,16391,-2.34,0.522,-76.718
-125,-742.19,15898,-2.346,0.522,-76.718
-187.5,-687.5,15688,-2.351,0.522,-76.718
-257.81,-609.38,16141,-2.346,0.522,-76.718
-62.5,-710.94,16383,-2.34,0.522,-76.718
-85.938,-710.94,15852,-2.346,0.522,-76.718
-289.06,-726.56,15766,-2.351,0.522,-76.718
-171.88,-726.56,16172,-2.346,0.522,-76.718
-125,-625,16094,-2.34,0.522,-76.718
-156.25,-703.13,15961,-2.346,0.522,-76.718
-226.56,-757.81,15797,-2.357,0.527,-76.718
-117.19,-664.06,16008,-2.346,0.522,-76.718
-78.125,-640.63,16109,-2.34,0.522,-76.718
-171.88,-726.56,16164,-2.346,0.522,-76.718
-156.25,-687.5,15711,-2.357,0.522,-76.718
-125,-632.81,15844,-2.346,0.522,-76.718
-156.25,-679.69,16383,-2.34,0.522,-76.718
-101.56,-734.38,15867,-2.346,0.522,-76.718
-132.81,-679.69,15680,-2.351,0.522,-76.718
-289.06,-640.63,16102,-2.351,0.522,-76.718
-31.25,-625,16172,-2.346,0.516,-76.718
-101.56,-734.38,15984,-2.351,0.522,-76.718
-296.88,-757.81,15891,-2.357,0.522,-76.718
-93.75,-695.31,15992,-2.346,0.516,-76.718
-54.688,-656.25,16203,-2.346,0.516,-76.718
-125,-726.56,15953,-2.357,0.522,-76.718
-117.19,-789.06,15805,-2.362,0.522,-76.718
-101.56,-632.81,15688,-2.351,0.522,-76.718
-132.81,-671.88,16320,-2.346,0.522,-76.718
-132.81,-710.94,16000,-2.357,0.522,-76.718
-101.56,-664.06,15578,-2.362,0.522,-76.718
-218.75,-625,16023,-2.357,0.527,-76.718
-140.63,-656.25,16297,-2.351,0.522,-76.718
-101.56,-671.88,15984,-2.357,0.522,-76.718
-234.38,-710.94,15813,-2.362,0.527,-76.718
-226.56,-679.69,15945,-2.357,0.522,-76.718
-70.313,-617.19,16148,-2.351,0.522,-76.718
-125,-695.31,15961,-2.362,0.522,-76.718
-218.75,-742.19,15898,-2.368,0.522,-76.718
-101.56,-679.69,15773,-2.357,0.522,-76.718
-93.75,-640.63,16141,-2.351,0.522,-76.718
-195.31,-703.13,16305,-2.362,0.522,-76.718
-62.5,-742.19,15688,-2.368,0.522,-76.718
-164.06,-671.88,15711,-2.362,0.522,-76.718
-164.06,-601.56,16320,-2.357,0.522,-76.718
15.625,-656.25,15977,-2.362,0.522,-76.718
-148.44,-703.13,15758,-2.368,0.522,-76.718
-281.25,-617.19,15883,-2.362,0.522,-76.718
-132.81,-625,16211,-2.357,0.516,-76.718
-140.63,-609.38,16133,-2.362,0.522,-76.718
-234.38,-710.94,15938,-2.368,0.522,-76.718
-117.19,-703.13,15922,-2.362,0.522,-76.718
-140.63,-632.81,16031,-2.357,0.522,-76.718
-117.19,-648.44,16453,-2.362,0.522,-76.718
-156.25,-742.19,15852,-2.368,0.522,-76.718
-125,-703.13,15734,-2.368,0.522,-76.718
-179.69,-648.44,16227,-2.357,0.522,-76.718
-70.313,-703.13,16273,-2.362,0.516,-76.718
-31.25,-718.75,15844,-2.368,0.516,-76.718
-273.44,-734.38,15781,-2.368,0.522,-76.718
-117.19,-679.69,16242,-2.362,0.516,-76.718
-85.938,-632.81,16094,-2.362,0.516,-76.718
-117.19,-742.19,15813,-2.368,0.516,-76.718
-171.88,-703.13,15906,-2.368,0.516,-76.718
-101.56,-609.38,15898,-2.357,0.516,-76.718
-93.75,-562.5,16219,-2.357,0.516,-76.718
-250,-742.19,16094,-2.368,0.516,-76.718
-140.63,-710.94,15727,-2.368,0.516,-76.718
-179.69,-625,16047,-2.362,0.516,-76.718
-164.06,-664.06,16453,-2.362,0.516,-76.718
-125,-695.31,15758,-2.368,0.511,-76.712
-343.75,-656.25,15875,-2.368,0.516,-76.718
-218.75,-640.63,16320,-2.362,0.516,-76.718
-54.688,-648.44,16078,-2.362,0.511,-76.712
-242.19,-710.94,15883,-2.368,0.516,-76.718
-273.44,-640.63,15859,-2.368,0.516,-76.718
-62.5,-609.38,16094,-2.362,0.516,-76.712
-265.63,-625,16141,-2.362,0.516,-76.712
-140.63,-773.44,15961,-2.368,0.516,-76.718
-156.25,-710.94,15680,-2.373,0.516,-76.718
-187.5,-648.44,16219,-2.362,0.516,-76.712
-140.63,-664.06,16242,-2.362,0.516,-76.712
-23.438,-750,15789,-2.368,0.516,-76.712
-226.56,-687.5,15695,-2.373,0.522,-76.718
-171.88,-640.63,16148,-2.362,0.516,-76.712
-85.938,-617.19,16070,-2.362,0.516,-76.712
-140.63,-703.13,15758,-2.373,0.516,-76.712
-234.38,-679.69,15852,-2.373,0.522,-76.718
-171.88,-601.56,16086,-2.368,0.522,-76.712
-132.81,-617.19,16141,-2.362,0.516,-76.712
-218.75,-718.75,16039,-2.368,0.522,-76.712
-156.25,-679.69,15789,-2.379,0.522,-76.718
-250,-640.63,15930,-2.368,0.522,-76.718
-109.38,-648.44,16383,-2.362,0.522,-76.712
-117.19,-718.75,15828,-2.368,0.522,-76.718
-93.75,-781.25,15664,-2.373,0.522,-76.718
-234.38,-640.63,16000,-2.368,0.527,-76.718
-93.75,-671.88,16344,-2.368,0.522,-76.712
-78.125,-703.13,15766,-2.373,0.522,-76.712
-304.69,-687.5,15828,-2.373,0.527,-76.718
-250,-664.06,16078,-2.368,0.522,-76.712
-23.438,-648.44,16016,-2.362,0.522,-76.712
-195.31,-703.13,16070,-2.373,0.522,-76.718
-226.56,-710.94,15758,-2.379,0.522,-76.718
-101.56,-632.81,15891,-2.368,0.522,-76.712
-156.25,-601.56,16188,-2.368,0.522,-76.712
-117.19,-718.75,16078,-2.373,0.522,-76.712
-148.44,-710.94,15695,-2.379,0.522,-76.712
-210.94,-664.06,15828,-2.373,0.527,-76.718
-125,-648.44,16359,-2.368,0.522,-76.712
-125,-671.88,15984,-2.373,0.522,-76.712
-234.38,-710.94,15734,-2.379,0.522,-76.712
-234.38,-671.88,15977,-2.373,0.522,-76.712
-85.938,-648.44,16156,-2.373,0.516,-76.712
-85.938,-671.88,15922,-2.379,0.522,-76.712
-195.31,-703.13,15930,-2.384,0.522,-76.712
-156.25,-687.5,15813,-2.379,0.522,-76.712
-70.313,-625,16047,-2.368,0.516,-76.712
-187.5,-640.63,16211,-2.379,0.522,-76.712
-187.5,-718.75,15852,-2.384,0.522,-76.712
-179.69,-656.25,15547,-2.379,0.522,-76.712
-179.69,-601.56,16273,-2.373,0.522,-76.712
-125,-679.69,16148,-2.379,0.522,-76.712
-39.063,-671.88,15641,-2.384,0.522,-76.712
-289.06,-671.88,15906,-2.379,0.522,-76.712
-203.13,-640.63,16273,-2.368,0.522,-76.712
-15.625,-656.25,15953,-2.373,0.516,-76.712
-312.5,-710.94,16031,-2.379,0.522,-76.712
-250,-710.94,15766,-2.373,0.522,-76.712
-23.438,-578.13,16055,-2.368,0.522,-76.712
-171.88,-648.44,16258,-2.373,0.522,-76.712
-140.63,-718.75,15953,-2.379,0.522,-76.712
-148.44,-703.13,15695,-2.379,0.522,-76.712
-203.13,-664.06,16125,-2.368,0.522,-76.712
-140.63,-687.5,16219,-2.373,0.522,-76.712
-62.5,-648.44,15789,-2.379,0.527,-76.712
-250,-703.13,15766,-2.373,0.527,-76.712
-187.5,-640.63,16164,-2.368,0.522,-76.712
-31.25,-593.75,16063,-2.373,0.522,-76.712
-179.69,-695.31,15898,-2.379,0.527,-76.712
-257.81,-679.69,15922,-2.379,0.527,-76.712
-125,-632.81,16125,-2.368,0.522,-76.712
-156.25,-609.38,16133,-2.373,0.522,-76.712
-187.5,-710.94,16164,-2.379,0.527,-76.712
-140.63,-640.63,15719,-2.379,0.522,-76.712
-140.63,-625,16273,-2.368,0.522,-76.712
-148.44,-679.69,16242,-2.368,0.522,-76.712
-85.938,-703.13,15773,-2.379,0.522,-76.712
-265.63,-734.38,15852,-2.379,0.527,-76.712
-164.06,-671.88,16375,-2.368,0.527,-76.712
-62.5,-687.5,16055,-2.368,0.522,-76.712
-132.81,-742.19,15820,-2.373,0.522,-76.712
-250,-734.38,15945,-2.373,0.527,-76.712
-23.438,-703.13,16086,-2.368,0.522,-76.712
-78.125,-648.44,16109,-2.362,0.522,-76.712
-187.5,-742.19,15969,-2.373,0.527,-76.712
-148.44,-742.19,15734,-2.373,0.527,-76.712
-156.25,-617.19,16047,-2.368,0.527,-76.712
-164.06,-671.88,16352,-2.362,0.527,-76.712
-93.75,-695.31,15750,-2.373,0.527,-76.712
-195.31,-656.25,15688,-2.373,0.527,-76.712
-187.5,-671.88,16234,-2.368,0.527,-76.712
-62.5,-648.44,16117,-2.362,0.522,-76.712
-140.63,-671.88,15883,-2.368,0.527,-76.712
-257.81,-687.5,15922,-2.373,0.527,-76.712
-101.56,-625,16148,-2.368,0.527,-76.712
-93.75,-593.75,16141,-2.362,0.522,-76.712
-203.13,-765.63,15953,-2.368,0.522,-76.712
-156.25,-781.25,15828,-2.373,0.527,-76.712
-85.938,-640.63,15891,-2.362,0.527,-76.712
-140.63,-671.88,16273,-2.357,0.527,-76.712
-93.75,-726.56,15953,-2.368,0.527,-76.712
-101.56,-703.13,15695,-2.373,0.527,-76.712
-250,-632.81,15953,-2.368,0.533,-76.712
-85.938,-664.06,16352,-2.362,0.527,-76.712
7.8125,-671.88,15898,-2.368,0.527,-76.712
-203.13,-703.13,15680,-2.373,0.527,-76.712
-148.44,-648.44,16102,-2.368,0.533,-76.712
-15.625,-648.44,16078,-2.362,0.527,-76.712
-132.81,-703.13,15906,-2.368,0.527,-76.712
-250,-710.94,15930,-2.373,0.533,-76.712
-132.81,-648.44,15813,-2.362,0.527,-76.712
-140.63,-593.75,16219,-2.362,0.527,-76.712
-156.25,-718.75,16102,-2.368,0.527,-76.712
-93.75,-718.75,15672,-2.373,0.527,-76.712
-171.88,-664.06,15867,-2.362,0.527,-76.712
-54.688,-671.88,16305,-2.362,0.522,-76.712
-85.938,-710.94,15859,-2.368,0.527,-76.712
-132.81,-710.94,15711,-2.368,0.527,-76.712
-289.06,-625,15922,-2.362,0.533,-76.712
-85.938,-632.81,16258,-2.357,0.527,-76.712
-125,-632.81,15875,-2.362,0.527,-76.712
-281.25,-734.38,15977,-2.368,0.527,-76.712
-156.25,-664.06,15867,-2.362,0.522,-76.712
-164.06,-640.63,16109,-2.357,0.522,-76.712
-171.88,-656.25,16125,-2.362,0.527,-76.712
-125,-703.13,15906,-2.373,0.527,-76.712
-140.63,-687.5,15742,-2.362,0.527,-76.712
-171.88,-625,16234,-2.362,0.522,-76.712
-132.81,-726.56,16195,-2.362,0.522,-76.712
-46.875,-726.56,15742,-2.368,0.522,-76.712
-210.94,-718.75,15844,-2.362,0.527,-76.712
-101.56,-648.44,16359,-2.357,0.522,-76.712
-78.125,-695.31,15953,-2.362,0.522,-76.712
-125,-710.94,15773,-2.373,0.527,-76.712
-250,-687.5,15820,-2.368,0.527,-76.712
-23.438,-609.38,16063,-2.357,0.522,-76.712
-140.63,-664.06,16078,-2.362,0.522,-76.712
-171.88,-710.94,15922,-2.373,0.522,-76.712
-156.25,-664.06,15703,-2.368,0.522,-76.712
-156.25,-632.81,16188,-2.357,0.522,-76.712
-132.81,-679.69,16359,-2.362,0.522,-76.712
-132.81,-703.13,15813,-2.373,0.522,-76.712
-187.5,-695.31,15727,-2.368,0.522,-76.712
-140.63,-632.81,16227,-2.362,0.522,-76.712
-15.625,-656.25,16086,-2.362,0.522,-76.712
-148.44,-750,15820,-2.368,0.522,-76.712
-265.63,-695.31,15914,-2.368,0.527,-76.712
-78.125,-640.63,16078,-2.362,0.522,-76.712
-39.063,-640.63,16266,-2.362,0.522,-76.712
-203.13,-703.13,15859,-2.373,0.527,-76.712
-125,-726.56,15898,-2.368,0.522,-76.712
-109.38,-632.81,16016,-2.362,0.522,-76.712
-78.125,-625,16305,-2.362,0.522,-76.712
-132.81,-718.75,16000,-2.373,0.522,-76.712
-132.81,-695.31,15734,-2.368,0.522,-76.712
-156.25,-640.63,16063,-2.362,0.522,-76.712
-117.19,-656.25,16445,-2.362,0.522,-76.712
-125,-703.13,15797,-2.368,0.522,-76.712
-312.5,-656.25,15797,-2.368,0.522,-76.712
-101.56,-609.38,16203,-2.357,0.522,-76.712
-132.81,-664.06,16102,-2.362,0.516,-76.712
-273.44,-726.56,15930,-2.368,0.522,-76.712
-187.5,-695.31,15875,-2.373,0.522,-76.712
-109.38,-601.56,16070,-2.362,0.516,-76.712
-257.81,-632.81,16352,-2.362,0.522,-76.712
-101.56,-765.63,15953,-2.368,0.522,-76.712
-164.06,-656.25,15570,-2.373,0.522,-76.712
-195.31,-609.38,16211,-2.368,0.522,-76.712
-70.313,-671.88,16227,-2.362,0.516,-76.712
-117.19,-710.94,15766,-2.368,0.516,-76.712
-281.25,-687.5,15813,-2.373,0.522,-76.712
-187.5,-640.63,16172,-2.368,0.522,-76.712
-23.438,-601.56,16070,-2.362,0.516,-76.712
-171.88,-687.5,15922,-2.373,0.522,-76.712
-234.38,-710.94,15734,-2.373,0.522,-76.712
-101.56,-585.94,16008,-2.368,0.522,-76.712
-125,-601.56,16203,-2.362,0.522,-76.712
-218.75,-734.38,16039,-2.368,0.516,-76.712
-140.63,-671.88,15719,-2.373,0.522,-76.712
-171.88,-648.44,15930,-2.368,0.522,-76.712
-132.81,-664.06,16367,-2.362,0.516,-76.712
-109.38,-664.06,15852,-2.373,0.516,-76.712
-171.88,-710.94,15703,-2.368,0.522,-76.712
-242.19,-609.38,16094,-2.362,0.522,-76.712
-101.56,-640.63,16180,-2.362,0.516,-76.712
-132.81,-687.5,15828,-2.373,0.516,-76.712
-281.25,-695.31,15914,-2.373,0.522,-76.712
-125,-640.63,15930,-2.368,0.516,-76.712
-125,-640.63,16117,-2.362,0.516,-76.712
-234.38,-671.88,16094,-2.373,0.516,-76.712
-140.63,-734.38,15758,-2.373,0.516,-76.712
-148.44,-640.63,15820,-2.368,0.516,-76.712
-203.13,-625,16375,-2.368,0.516,-76.712
-148.44,-679.69,15914,-2.373,0.516,-76.712
-148.44,-703.13,15727,-2.373,0.516,-76.712
-242.19,-648.44,16047,-2.368,0.516,-76.712
-109.38,-640.63,16289,-2.368,0.516,-76.712
-85.938,-640.63,15945,-2.373,0.516,-76.712
-242.19,-726.56,15758,-2.373,0.516,-76.712
-148.44,-671.88,16016,-2.368,0.516,-76.712
-39.063,-601.56,16102,-2.368,0.516,-76.712
-179.69,-695.31,15938,-2.373,0.516,-76.712
-101.56,-687.5,15891,-2.379,0.516,-76.712
-164.06,-656.25,15766,-2.373,0.516,-76.712
-148.44,-601.56,16148,-2.368,0.516,-76.712
-140.63,-671.88,16203,-2.373,0.516,-76.712
-148.44,-703.13,15703,-2.379,0.516,-76.712
-187.5,-640.63,15727,-2.373,0.522,-76.712
-148.44,-656.25,16383,-2.368,0.516,-76.712
-70.313,-640.63,15867,-2.373,0.516,-76.712
-210.94,-640.63,15828,-2.379,0.522,-76.712
-289.06,-617.19,15953,-2.373,0.522,-76.712
-85.938,-609.38,16234,-2.368,0.516,-76.712
-62.5,-656.25,16094,-2.373,0.516,-76.712
-210.94,-765.63,15984,-2.379,0.522,-76.712
-125,-710.94,15750,-2.373,0.516,-76.712
-101.56,-562.5,16031,-2.362,0.516,-76.712
-156.25,-648.44,16273,-2.373,0.516,-76.712
-140.63,-703.13,15742,-2.379,0.516,-76.712
-265.63,-671.88,16008,-2.373,0.516,-76.712
-101.56,-656.25,16438,-2.368,0.516,-76.712
-54.688,-718.75,15875,-2.373,0.511,-76.712
-226.56,-757.81,15773,-2.379,0.516,-76.712
-179.69,-664.06,16039,-2.373,0.516,-76.712
31.25,-656.25,16125,-2.368,0.511,-76.712
-125,-679.69,16102,-2.373,0.511,-76.712
-289.06,-765.63,15922,-2.379,0.516,-76.712
-93.75,-710.94,15922,-2.379,0.511,-76.712
-148.44,-617.19,16203,-2.368,0.511,-76.712
-140.63,-710.94,16211,-2.373,0.511,-76.712
-140.63,-710.94,15766,-2.379,0.511,-76.712
-171.88,-648.44,15773,-2.379,0.511,-76.712
-148.44,-640.63,16336,-2.368,0.516,-76.712
-140.63,-687.5,16102,-2.373,0.511,-76.712
-125,-710.94,15742,-2.379,0.511,-76.712
-265.63,-687.5,15953,-2.379,0.516,-76.712
-85.938,-656.25,16313,-2.373,0.516,-76.712
-78.125,-679.69,16094,-2.368,0.511,-76.712
-179.69,-742.19,15867,-2.379,0.516,-76.712
-250,-734.38,15930,-2.379,0.516,-76.712
-39.063,-617.19,16047,-2.368,0.511,-76.712
-132.81,-664.06,16211,-2.368,0.511,-76.712
-140.63,-734.38,15969,-2.379,0.516,-76.712
-171.88,-687.5,15633,-2.379,0.516,-76.712
-156.25,-585.94,16211,-2.368,0.516,-76.712
-125,-679.69,16352,-2.368,0.511,-76.712
-70.313,-718.75,15719,-2.373,0.511,-76.712
-296.88,-656.25,15813,-2.379,0.516,-76.712
-164.06,-648.44,16242,-2.368,0.516,-76.712
-31.25,-664.06,16047,-2.368,0.511,-76.712
-234.38,-750,15859,-2.373,0.516,-76.712
-195.31,-734.38,15859,-2.373,0.516,-76.712
-101.56,-671.88,16070,-2.368,0.511,-76.712
-187.5,-671.88,16188,-2.368,0.516,-76.712
-203.13,-742.19,15969,-2.379,0.516,-76.712
-140.63,-750,15750,-2.379,0.516,-76.712
-140.63,-648.44,15984,-2.368,0.516,-76.712
-148.44,-656.25,16367,-2.368,0.516,-76.712
-78.125,-726.56,15805,-2.379,0.516,-76.712
-148.44,-757.81,15648,-2.379,0.522,-76.712
-226.56,-648.44,16031,-2.373,0.522,-76.712
-109.38,-625,16281,-2.368,0.516,-76.712
-85.938,-656.25,15820,-2.379,0.516,-76.712
-296.88,-687.5,15820,-2.379,0.522,-76.712
-171.88,-671.88,16109,-2.373,0.516,-76.712
-23.438,-664.06,16125,-2.368,0.516,-76.712
-195.31,-703.13,16039,-2.379,0.516,-76.712
-179.69,-734.38,15773,-2.379,0.516,-76.712
-62.5,-656.25,15781,-2.373,0.516,-76.712
-117.19,-609.38,16320,-2.373,0.516,-76.712
-109.38,-750,16016,-2.379,0.516,-76.712
-117.19,-734.38,15625,-2.379,0.516,-76.712
-234.38,-664.06,16086,-2.373,0.522,-76.712
-85.938,-695.31,16219,-2.373,0.516,-76.712
-62.5,-687.5,15875,-2.379,0.516,-76.712
-210.94,-757.81,15688,-2.379,0.522,-76.712
-195.31,-609.38,16016,-2.373,0.516,-76.712
-31.25,-648.44,16039,-2.373,0.516,-76.712
-179.69,-679.69,15969,-2.379,0.522,-76.712
-226.56,-710.94,15836,-2.384,0.522,-76.712
-140.63,-695.31,15875,-2.373,0.522,-76.712
-148.44,-632.81,16094,-2.368,0.516,-76.712
-156.25,-718.75,16227,-2.379,0.522,-76.712
-117.19,-781.25,15742,-2.384,0.522,-76.712
-164.06,-679.69,15734,-2.373,0.522,-76.712
-140.63,-664.06,16273,-2.373,0.516,-76.712
-117.19,-695.31,16047,-2.379,0.516,-76.712
-140.63,-703.13,15703,-2.384,0.522,-76.712
-265.63,-664.06,15859,-2.379,0.522,-76.712
-140.63,-632.81,16242,-2.373,0.516,-76.712
-101.56,-679.69,16055,-2.379,0.516,-76.712
-203.13,-718.75,15906,-2.384,0.522,-76.712
-171.88,-710.94,15867,-2.379,0.522,-76.712
-93.75,-601.56,16047,-2.373,0.516,-76.712
-125,-640.63,16203,-2.379,0.522,-76.712
-171.88,-734.38,15789,-2.384,0.522,-76.712
-140.63,-640.63,15922,-2.379,0.522,-76.712
-101.56,-648.44,16383,-2.373,0.516,-76.712
-46.875,-750,15891,-2.379,0.516,-76.712
-140.63,-710.94,15703,-2.384,0.516,-76.712
-265.63,-632.81,16047,-2.379,0.522,-76.712
-62.5,-632.81,16211,-2.373,0.511,-76.712
-85.938,-640.63,15922,-2.379,0.511,-76.712
-320.31,-742.19,15922,-2.384,0.516,-76.712
-203.13,-671.88,16008,-2.384,0.516,-76.712
-78.125,-632.81,16172,-2.373,0.511,-76.712
-203.13,-671.88,16281,-2.373,0.511,-76.712
-203.13,-742.19,15813,-2.384,0.516,-76.712
-179.69,-625,15898,-2.379,0.511,-76.712
-156.25,-609.38,16266,-2.368,0.516,-76.712
-78.125,-687.5,16141,-2.373,0.511,-76.712
-125,-765.63,15766,-2.379,0.511,-76.712
-250,-703.13,15836,-2.379,0.516,-76.712
-70.313,-679.69,16430,-2.373,0.511,-76.712
-109.38,-695.31,15945,-2.373,0.511,-76.712
-156.25,-734.38,15773,-2.384,0.516,-76.712
-226.56,-656.25,15953,-2.384,0.516,-76.712
-78.125,-593.75,16055,-2.373,0.511,-76.712
-148.44,-601.56,16086,-2.373,0.511,-76.712
-250,-742.19,15961,-2.384,0.511,-76.712
-132.81,-679.69,15742,-2.384,0.511,-76.712
-171.88,-601.56,16133,-2.379,0.511,-76.712
-164.06,-679.69,16320,-2.379,0.511,-76.712
-93.75,-750,15766,-2.384,0.511,-76.712
-210.94,-648.44,15805,-2.384,0.511,-76.712
